Filename,Material,Furnace,Standard,Thickness,Width,Length,Material_Code,Entry Time,Postal_Code,Batch,Delivery Time,宽度,长度,Final Area,Final X,Final Y,Stacking Start Height,Stacking Height
steel_1,Q235C,SGLV0IX,GB/T 1122-2021,8,2500,5000,F2,2023-01-01,200002,Q7,2023-04-01,2500,5000,3,0,0,0.0,8.0
steel_2,Q345C,O1HPDT0,GB/T 6060-2017,20,2500,5000,F6,2023-01-02,500005,Q3,2023-01-01,2500,5000,0,0,1,0.0,20.0
steel_3,Q345R(R-HIC),AJK6SED,GB/T 3050-2020,15,2500,5000,F3,2023-01-02,500005,Q9,2023-04-01,2500,5000,0,0,2,0.0,15.0
steel_4,Q235C,FA1K4WR,GB/T 2025-2015,18,2500,5000,F1,2023-01-01,300003,Q2,2023-01-01,2500,5000,0,1,0,0.0,18.0
steel_5,Q345B,X4B4V36,GB/T 6060-2017,16,2500,5000,F2,2023-01-03,200002,Q10,2023-07-01,2500,5000,4,0,0,0.0,16.0
steel_6,Q245A,R3X73GM,GB/T 1122-2021,8,2500,5000,F8,2023-01-01,200002,Q4,2023-10-01,2500,5000,1,1,2,0.0,8.0
steel_7,Q345R(R-HIC),18L9LKP,GB/T 6060-2017,16,2500,5000,F4,2023-01-01,300003,Q8,2023-04-01,2500,5000,3,1,0,0.0,16.0
steel_8,Q345R(R-HIC),B94WQ6E,GB/T 3050-2020,10,2500,5000,F8,2023-01-03,500005,Q12,2023-07-01,2500,5000,0,2,1,0.0,10.0
steel_9,Q235C,D373K6W,GB/T 1122-2021,16,2500,5000,F5,2023-01-03,200002,Q4,2023-10-01,2500,5000,0,0,0,0.0,16.0
steel_10,Q235D,9KO3JBE,GB/T 6060-2017,10,2500,5000,F6,2023-01-02,200002,Q1,2023-01-01,2500,5000,4,0,1,0.0,10.0
steel_11,Q345B,CRX5AQ8,GB/T 2025-2015,21,2500,5000,F6,2023-01-02,500005,Q6,2023-10-01,2500,5000,0,0,2,15.0,36.0
steel_12,Q235C,Z2OJP25,GB/T 2025-2015,10,2500,5000,F8,2023-01-01,500005,Q9,2023-04-01,2500,5000,2,2,1,0.0,10.0
steel_13,Q345B,P2ML9R2,GB/T 4040-2019,25,2500,5000,F1,2023-01-03,200002,Q1,2023-01-01,2500,5000,5,0,0,0.0,25.0
steel_14,Q345B,E0QBYRP,GB/T 6060-2017,16,2500,5000,F8,2023-01-02,500005,Q12,2023-07-01,2500,5000,4,0,1,10.0,26.0
steel_15,Q245A,3A1RRGN,GB/T 5050-2018,21,2500,5000,F7,2023-01-01,200002,Q10,2023-07-01,2500,5000,1,2,0,0.0,21.0
steel_16,Q345R(R-HIC),CTHO4QT,GB/T 6060-2017,18,2500,5000,F5,2023-01-03,500005,Q3,2023-01-01,2500,5000,3,1,1,0.0,18.0
steel_17,Q345C,NXITJH4,GB/T 1122-2021,20,2500,5000,F5,2023-01-01,500005,Q9,2023-04-01,2500,5000,1,0,0,0.0,20.0
steel_18,Q245A,ZXN6F8S,GB/T 1122-2021,21,2500,5000,F8,2023-01-02,300003,Q5,2023-10-01,2500,5000,4,0,1,26.0,47.0
steel_19,Q245A,3GVSNY9,GB/T 6060-2017,16,2500,5000,F4,2023-01-02,500005,Q12,2023-07-01,2500,5000,0,0,2,36.0,52.0
steel_20,Q345B,QKLWHZ9,GB/T 3050-2020,18,2500,5000,F4,2023-01-03,300003,Q5,2023-10-01,2500,5000,4,1,1,0.0,18.0
steel_21,Q245R(R-HIC),ZWZURLA,GB/T 2025-2015,18,2500,5000,F5,2023-01-01,500005,Q9,2023-04-01,2500,5000,5,0,0,25.0,43.0
steel_22,Q345R(R-HIC),28F5IXF,GB/T 1122-2021,18,2500,5000,F3,2023-01-03,200002,Q4,2023-10-01,2500,5000,4,0,1,47.0,65.0
steel_23,Q235D,WTJXGQU,GB/T 2025-2015,8,2500,5000,F4,2023-01-02,200002,Q7,2023-04-01,2500,5000,1,2,0,21.0,29.0
steel_24,Q245A,Y919H41,GB/T 1122-2021,16,2500,5000,F8,2023-01-02,500005,Q12,2023-07-01,2500,5000,4,1,1,18.0,34.0
steel_25,Q345C,PVE4CU2,GB/T 4040-2019,18,2500,5000,F4,2023-01-01,500005,Q6,2023-10-01,2500,5000,5,0,0,43.0,61.0
steel_26,Q245R(R-HIC),TXMSCFY,GB/T 5050-2018,18,2500,5000,F5,2023-01-01,200002,Q1,2023-01-01,2500,5000,0,0,1,20.0,38.0
steel_27,Q245R(R-HIC),VOV2BEQ,GB/T 1122-2021,21,2500,5000,F1,2023-01-01,500005,Q3,2023-01-01,2500,5000,0,0,2,52.0,73.0
steel_28,Q235D,S72FQGP,GB/T 2025-2015,20,2500,5000,F2,2023-01-03,300003,Q8,2023-04-01,2500,5000,2,1,1,0.0,20.0
steel_29,Q245A,8YVXEKN,GB/T 4040-2019,25,2500,5000,F4,2023-01-01,300003,Q11,2023-07-01,2500,5000,0,1,1,0.0,25.0
steel_30,Q345C,Q0CYXUI,GB/T 1122-2021,15,2500,5000,F7,2023-01-01,300003,Q5,2023-10-01,2500,5000,2,2,1,10.0,25.0
steel_31,Q345R(R-HIC),NWI1M3X,GB/T 3050-2020,15,2500,5000,F1,2023-01-02,300003,Q2,2023-01-01,2500,5000,5,1,0,0.0,15.0
steel_32,Q235B,BW645ZG,GB/T 5050-2018,16,2500,5000,F3,2023-01-02,300003,Q2,2023-01-01,2500,5000,2,0,1,0.0,16.0
steel_33,Q345C,BRM0WHW,GB/T 1122-2021,16,2500,5000,F7,2023-01-01,500005,Q3,2023-01-01,2500,5000,5,0,0,61.0,77.0
steel_34,Q235D,3A1RRGN,GB/T 4040-2019,21,2500,5000,F8,2023-01-01,500005,Q6,2023-10-01,2500,5000,0,0,1,38.0,59.0
steel_35,Q245R(R-HIC),0P48PTI,GB/T 3050-2020,10,2500,5000,F2,2023-01-02,300003,Q2,2023-01-01,2500,5000,4,1,0,0.0,10.0
steel_36,Q345R(R-HIC),CQU1C4C,GB/T 6060-2017,21,2500,5000,F8,2023-01-01,500005,Q3,2023-01-01,2500,5000,1,1,0,0.0,21.0
steel_37,Q345C,ZE9E4AH,GB/T 4040-2019,16,2500,5000,F2,2023-01-03,500005,Q12,2023-07-01,2500,5000,2,0,0,0.0,16.0
steel_38,Q235B,1K5BJFG,GB/T 4040-2019,18,2500,5000,F2,2023-01-03,300003,Q11,2023-07-01,2500,5000,0,1,2,0.0,18.0
steel_39,Q235B,JGW5Z76,GB/T 3050-2020,20,2500,5000,F8,2023-01-03,500005,Q6,2023-10-01,2500,5000,0,2,0,0.0,20.0
steel_40,Q345B,9E3B5FE,GB/T 4040-2019,15,2500,5000,F7,2023-01-01,500005,Q6,2023-10-01,2500,5000,5,1,1,0.0,15.0
steel_41,Q345B,DIKDCW1,GB/T 3050-2020,18,2500,5000,F7,2023-01-02,500005,Q12,2023-07-01,2500,5000,2,2,0,0.0,18.0
steel_42,Q235C,Q0CYXUI,GB/T 1122-2021,16,2500,5000,F2,2023-01-01,300003,Q11,2023-07-01,2500,5000,0,0,1,59.0,75.0
steel_43,Q235D,8MKPONK,GB/T 3050-2020,8,2500,5000,F7,2023-01-01,500005,Q9,2023-04-01,2500,5000,2,0,0,16.0,24.0
steel_44,Q245A,4K4TR0M,GB/T 3050-2020,16,2500,5000,F2,2023-01-02,200002,Q1,2023-01-01,2500,5000,0,1,0,18.0,34.0
steel_45,Q345C,2IX13U8,GB/T 5050-2018,8,2500,5000,F5,2023-01-02,200002,Q1,2023-01-01,2500,5000,0,1,1,25.0,33.0
steel_46,Q345C,0QN1TJ2,GB/T 3050-2020,16,2500,5000,F2,2023-01-02,300003,Q2,2023-01-01,2500,5000,4,0,1,65.0,81.0
steel_47,Q245A,3TJ2JZ4,GB/T 3050-2020,18,2500,5000,F5,2023-01-03,200002,Q4,2023-10-01,2500,5000,5,1,0,15.0,33.0
steel_48,Q235C,9W9W7HZ,GB/T 6060-2017,18,2500,5000,F1,2023-01-01,300003,Q11,2023-07-01,2500,5000,3,1,1,18.0,36.0
steel_49,Q245R(R-HIC),4VKBN6F,GB/T 1122-2021,20,2500,5000,F6,2023-01-02,200002,Q7,2023-04-01,2500,5000,4,0,0,16.0,36.0
steel_50,Q245R(R-HIC),YQF68EE,GB/T 5050-2018,8,2500,5000,F1,2023-01-01,200002,Q1,2023-01-01,2500,5000,4,0,1,81.0,89.0
steel_51,Q235C,Y919H41,GB/T 6060-2017,20,2500,5000,F8,2023-01-03,200002,Q1,2023-01-01,2500,5000,3,1,0,16.0,36.0
steel_52,Q245R(R-HIC),7HYE8DD,GB/T 2025-2015,15,2500,5000,F6,2023-01-03,300003,Q5,2023-10-01,2500,5000,3,1,1,36.0,51.0
steel_53,Q345B,7ZQ98XH,GB/T 1122-2021,16,2500,5000,F4,2023-01-02,300003,Q11,2023-07-01,2500,5000,5,0,0,77.0,93.0
steel_54,Q345C,NM4OMFX,GB/T 1122-2021,21,2500,5000,F8,2023-01-02,500005,Q12,2023-07-01,2500,5000,5,0,1,0.0,21.0
steel_55,Q235C,CCY29L2,GB/T 2025-2015,8,2500,5000,F3,2023-01-01,300003,Q11,2023-07-01,2500,5000,5,1,0,33.0,41.0
steel_56,Q345C,VO1MDOE,GB/T 3050-2020,18,2500,5000,F1,2023-01-02,200002,Q4,2023-10-01,2500,5000,0,2,1,10.0,28.0
steel_57,Q245A,K5POY1K,GB/T 6060-2017,18,2500,5000,F7,2023-01-01,200002,Q7,2023-04-01,2500,5000,0,0,0,16.0,34.0
steel_58,Q235B,LQN79VT,GB/T 4040-2019,16,2500,5000,F1,2023-01-02,300003,Q11,2023-07-01,2500,5000,5,0,1,21.0,37.0
steel_59,Q345B,H60UCIF,GB/T 5050-2018,10,2500,5000,F7,2023-01-01,300003,Q11,2023-07-01,2500,5000,1,0,2,0.0,10.0
steel_60,Q345R(R-HIC),8RXJ5IT,GB/T 4040-2019,10,2500,5000,F6,2023-01-01,300003,Q2,2023-01-01,2500,5000,0,1,0,34.0,44.0
steel_61,Q345B,3GVSNY9,GB/T 2025-2015,25,2500,5000,F3,2023-01-01,500005,Q3,2023-01-01,2500,5000,1,1,1,0.0,25.0
steel_62,Q235C,QKLWHZ9,GB/T 1122-2021,16,2500,5000,F6,2023-01-01,200002,Q10,2023-07-01,2500,5000,2,0,1,16.0,32.0
steel_63,Q345R(R-HIC),QK89HAW,GB/T 1122-2021,15,2500,5000,F3,2023-01-03,500005,Q3,2023-01-01,2500,5000,5,1,0,41.0,56.0
steel_64,Q235B,9W9W7HZ,GB/T 5050-2018,16,2500,5000,F1,2023-01-01,500005,Q9,2023-04-01,2500,5000,1,2,1,0.0,16.0
steel_65,Q235C,VANO5B8,GB/T 1122-2021,20,2500,5000,F7,2023-01-02,200002,Q7,2023-04-01,2500,5000,2,2,0,18.0,38.0
steel_66,Q235D,CWGB0TK,GB/T 1122-2021,8,2500,5000,F6,2023-01-03,200002,Q4,2023-10-01,2500,5000,2,2,1,25.0,33.0
steel_67,Q345C,QRL62Q2,GB/T 5050-2018,16,2500,5000,F3,2023-01-03,300003,Q8,2023-04-01,2500,5000,0,0,2,73.0,89.0
steel_68,Q235B,4QD4SBI,GB/T 6060-2017,18,2500,5000,F2,2023-01-01,300003,Q11,2023-07-01,2500,5000,4,1,1,34.0,52.0
steel_69,Q345C,TDZF6LU,GB/T 6060-2017,25,2500,5000,F8,2023-01-03,500005,Q9,2023-04-01,2500,5000,0,1,1,33.0,58.0
steel_70,Q245R(R-HIC),ZQZSZKV,GB/T 5050-2018,10,2500,5000,F8,2023-01-01,300003,Q8,2023-04-01,2500,5000,2,1,1,20.0,30.0
steel_71,Q235D,9KO3JBE,GB/T 2025-2015,15,2500,5000,F6,2023-01-02,300003,Q11,2023-07-01,2500,5000,3,1,0,36.0,51.0
steel_72,Q235D,6WDQ0K6,GB/T 1122-2021,15,2500,5000,F7,2023-01-01,200002,Q4,2023-10-01,2500,5000,1,2,1,16.0,31.0
steel_73,Q235B,HPMHZJ4,GB/T 1122-2021,18,2500,5000,F2,2023-01-03,200002,Q1,2023-01-01,2500,5000,3,0,0,8.0,26.0
steel_74,Q235D,DUW3AU4,GB/T 2025-2015,15,2500,5000,F6,2023-01-02,300003,Q8,2023-04-01,2500,5000,1,0,1,0.0,15.0
steel_75,Q345R(R-HIC),EGZ369S,GB/T 6060-2017,18,2500,5000,F1,2023-01-01,200002,Q7,2023-04-01,2500,5000,3,1,0,51.0,69.0
steel_76,Q235D,A2JOJE7,GB/T 3050-2020,21,2500,5000,F3,2023-01-02,300003,Q8,2023-04-01,2500,5000,4,1,1,52.0,73.0
steel_77,Q345C,7HYE8DD,GB/T 3050-2020,20,2500,5000,F5,2023-01-02,200002,Q10,2023-07-01,2500,5000,2,2,0,38.0,58.0
steel_78,Q345C,3KX4URW,GB/T 3050-2020,16,2500,5000,F1,2023-01-03,200002,Q10,2023-07-01,2500,5000,5,0,1,37.0,53.0
steel_79,Q235C,621MUFR,GB/T 6060-2017,21,2500,5000,F8,2023-01-02,200002,Q4,2023-10-01,2500,5000,2,0,0,24.0,45.0
steel_80,Q345C,SGT2BRK,GB/T 6060-2017,18,2500,5000,F3,2023-01-03,200002,Q7,2023-04-01,2500,5000,5,1,1,15.0,33.0
steel_81,Q235C,BTCXT0R,GB/T 2025-2015,18,2500,5000,F6,2023-01-02,300003,Q2,2023-01-01,2500,5000,0,0,0,34.0,52.0
steel_82,Q345C,04IDY93,GB/T 1122-2021,8,2500,5000,F1,2023-01-01,500005,Q6,2023-10-01,2500,5000,3,0,1,0.0,8.0
steel_83,Q345R(R-HIC),VOV2BEQ,GB/T 2025-2015,25,2500,5000,F4,2023-01-02,200002,Q1,2023-01-01,2500,5000,2,2,0,58.0,83.0
steel_84,Q245A,B04H2H3,GB/T 2025-2015,8,2500,5000,F5,2023-01-01,300003,Q11,2023-07-01,2500,5000,3,1,1,51.0,59.0
steel_85,Q235C,SNAUE12,GB/T 6060-2017,10,2500,5000,F7,2023-01-01,300003,Q8,2023-04-01,2500,5000,2,0,0,45.0,55.0
steel_86,Q345B,2IX13U8,GB/T 3050-2020,8,2500,5000,F2,2023-01-02,200002,Q10,2023-07-01,2500,5000,4,0,1,89.0,97.0
steel_87,Q245R(R-HIC),IOKUB9A,GB/T 4040-2019,20,2500,5000,F2,2023-01-01,500005,Q6,2023-10-01,2500,5000,0,2,0,20.0,40.0
steel_88,Q235B,D373K6W,GB/T 1122-2021,10,2500,5000,F7,2023-01-02,200002,Q10,2023-07-01,2500,5000,1,2,1,31.0,41.0
steel_89,Q345C,6EWJ7IU,GB/T 6060-2017,10,2500,5000,F4,2023-01-02,300003,Q8,2023-04-01,2500,5000,4,0,0,36.0,46.0
steel_90,Q235D,CWGB0TK,GB/T 3050-2020,8,2500,5000,F8,2023-01-01,500005,Q6,2023-10-01,2500,5000,2,2,1,33.0,41.0
steel_91,Q245A,3XRVAD6,GB/T 4040-2019,8,2500,5000,F3,2023-01-01,300003,Q5,2023-10-01,2500,5000,5,1,0,56.0,64.0
steel_92,Q345C,B94WQ6E,GB/T 4040-2019,18,2500,5000,F7,2023-01-03,200002,Q1,2023-01-01,2500,5000,4,1,1,73.0,91.0
steel_93,Q235D,MNGEAXH,GB/T 6060-2017,20,2500,5000,F4,2023-01-01,500005,Q3,2023-01-01,2500,5000,3,0,0,26.0,46.0
steel_94,Q245R(R-HIC),S1LBNWS,GB/T 5050-2018,16,2500,5000,F6,2023-01-03,300003,Q5,2023-10-01,2500,5000,0,1,2,18.0,34.0
steel_95,Q245R(R-HIC),5BQX6VN,GB/T 1122-2021,16,2500,5000,F5,2023-01-01,300003,Q11,2023-07-01,2500,5000,2,2,0,83.0,99.0
steel_96,Q245R(R-HIC),KBCEYCI,GB/T 4040-2019,20,2500,5000,F2,2023-01-02,300003,Q11,2023-07-01,2500,5000,4,1,1,91.0,111.0
steel_97,Q235D,VEC3GU5,GB/T 6060-2017,8,2500,5000,F5,2023-01-01,200002,Q4,2023-10-01,2500,5000,1,0,0,20.0,28.0
steel_98,Q345C,95RCE0K,GB/T 6060-2017,15,2500,5000,F4,2023-01-02,500005,Q9,2023-04-01,2500,5000,3,0,1,8.0,23.0
steel_99,Q245R(R-HIC),Z2OJP25,GB/T 3050-2020,25,2500,5000,F5,2023-01-02,200002,Q4,2023-10-01,2500,5000,0,0,2,89.0,114.0
steel_100,Q345R(R-HIC),CTHO4QT,GB/T 5050-2018,18,2500,5000,F8,2023-01-02,200002,Q10,2023-07-01,2500,5000,5,1,1,33.0,51.0
steel_101,Q235C,0ZUCSUW,GB/T 1122-2021,10,2500,5000,F8,2023-01-03,200002,Q4,2023-10-01,2500,5000,0,1,1,58.0,68.0
steel_102,Q235D,6P33R3B,GB/T 2025-2015,18,2500,5000,F1,2023-01-01,500005,Q9,2023-04-01,2500,5000,2,2,1,41.0,59.0
steel_103,Q235D,4VKBN6F,GB/T 3050-2020,15,2500,5000,F7,2023-01-02,200002,Q1,2023-01-01,2500,5000,4,1,0,10.0,25.0
steel_104,Q345C,ZAO3KZP,GB/T 4040-2019,18,2500,5000,F1,2023-01-02,200002,Q1,2023-01-01,2500,5000,1,2,1,41.0,59.0
steel_105,Q235D,YHR7IB4,GB/T 4040-2019,8,2500,5000,F5,2023-01-03,200002,Q1,2023-01-01,2500,5000,0,0,0,52.0,60.0
steel_106,Q235D,95IQ4Z7,GB/T 3050-2020,8,2500,5000,F2,2023-01-01,200002,Q4,2023-10-01,2500,5000,2,1,1,30.0,38.0
steel_107,Q245R(R-HIC),Z2OJP25,GB/T 6060-2017,8,2500,5000,F4,2023-01-01,300003,Q2,2023-01-01,2500,5000,2,2,0,99.0,107.0
steel_108,Q345C,4K4TR0M,GB/T 4040-2019,25,2500,5000,F3,2023-01-03,200002,Q10,2023-07-01,2500,5000,3,1,1,59.0,84.0
steel_109,Q245R(R-HIC),UILQU2Z,GB/T 5050-2018,20,2500,5000,F5,2023-01-03,300003,Q2,2023-01-01,2500,5000,1,1,1,25.0,45.0
steel_110,Q235C,5FRBI23,GB/T 1122-2021,10,2500,5000,F3,2023-01-01,200002,Q10,2023-07-01,2500,5000,2,0,1,32.0,42.0
steel_111,Q245A,C88GXCR,GB/T 5050-2018,10,2500,5000,F8,2023-01-03,500005,Q3,2023-01-01,2500,5000,0,2,0,40.0,50.0
steel_112,Q235C,9KO3JBE,GB/T 4040-2019,20,2500,5000,F3,2023-01-01,300003,Q2,2023-01-01,2500,5000,0,2,1,28.0,48.0
steel_113,Q245A,OLSFJE7,GB/T 2025-2015,10,2500,5000,F3,2023-01-01,300003,Q2,2023-01-01,2500,5000,1,0,0,28.0,38.0
steel_114,Q245R(R-HIC),91N3B13,GB/T 1122-2021,10,2500,5000,F2,2023-01-02,300003,Q11,2023-07-01,2500,5000,0,0,1,75.0,85.0
steel_115,Q235C,UILQU2Z,GB/T 1122-2021,25,2500,5000,F3,2023-01-02,300003,Q8,2023-04-01,2500,5000,0,0,2,114.0,139.0
steel_116,Q345C,OM5MEKI,GB/T 3050-2020,10,2500,5000,F5,2023-01-01,500005,Q3,2023-01-01,2500,5000,5,1,1,51.0,61.0
steel_117,Q235B,QNA9F82,GB/T 3050-2020,20,2500,5000,F4,2023-01-01,200002,Q7,2023-04-01,2500,5000,2,1,0,0.0,20.0
steel_118,Q245R(R-HIC),91N3B13,GB/T 2025-2015,25,2500,5000,F3,2023-01-01,300003,Q11,2023-07-01,2500,5000,3,0,1,23.0,48.0
steel_119,Q245A,9TIL02C,GB/T 6060-2017,15,2500,5000,F6,2023-01-01,500005,Q12,2023-07-01,2500,5000,2,2,0,107.0,122.0
steel_120,Q345R(R-HIC),5P5OJE5,GB/T 1122-2021,8,2500,5000,F3,2023-01-01,300003,Q8,2023-04-01,2500,5000,1,2,1,59.0,67.0
steel_121,Q245A,R7XVLZO,GB/T 2025-2015,10,2500,5000,F3,2023-01-01,200002,Q10,2023-07-01,2500,5000,3,0,0,46.0,56.0
steel_122,Q345R(R-HIC),SGLV0IX,GB/T 3050-2020,21,2500,5000,F1,2023-01-03,300003,Q8,2023-04-01,2500,5000,4,0,1,97.0,118.0
steel_123,Q235D,4VKBN6F,GB/T 3050-2020,21,2500,5000,F4,2023-01-01,500005,Q3,2023-01-01,2500,5000,4,1,0,25.0,46.0
steel_124,Q235C,RA9VXLL,GB/T 1122-2021,21,2500,5000,F5,2023-01-03,200002,Q1,2023-01-01,2500,5000,2,1,1,38.0,59.0
steel_125,Q345R(R-HIC),8YCRZ0U,GB/T 5050-2018,8,2500,5000,F8,2023-01-03,500005,Q3,2023-01-01,2500,5000,3,0,0,56.0,64.0
steel_126,Q245A,UZW1FL1,GB/T 4040-2019,21,2500,5000,F1,2023-01-01,200002,Q10,2023-07-01,2500,5000,5,0,1,53.0,74.0
steel_127,Q235D,IUIEMCP,GB/T 3050-2020,25,2500,5000,F5,2023-01-01,200002,Q7,2023-04-01,2500,5000,3,1,0,69.0,94.0
steel_128,Q235B,Q4IJWB6,GB/T 6060-2017,18,2500,5000,F7,2023-01-03,200002,Q4,2023-10-01,2500,5000,3,1,1,84.0,102.0
steel_129,Q345C,Z2JJXFC,GB/T 6060-2017,25,2500,5000,F4,2023-01-03,300003,Q8,2023-04-01,2500,5000,3,0,0,64.0,89.0
steel_130,Q345C,PGMZI45,GB/T 3050-2020,21,2500,5000,F6,2023-01-01,500005,Q3,2023-01-01,2500,5000,5,0,1,74.0,95.0
steel_131,Q345C,VEC3GU5,GB/T 5050-2018,20,2500,5000,F4,2023-01-01,500005,Q9,2023-04-01,2500,5000,0,0,2,139.0,159.0
steel_132,Q345R(R-HIC),FA1K4WR,GB/T 5050-2018,18,2500,5000,F7,2023-01-03,500005,Q6,2023-10-01,2500,5000,0,1,0,44.0,62.0
steel_133,Q235B,MYEHRT3,GB/T 2025-2015,15,2500,5000,F7,2023-01-03,200002,Q4,2023-10-01,2500,5000,5,0,0,93.0,108.0
steel_134,Q345R(R-HIC),3HEYBFO,GB/T 6060-2017,10,2500,5000,F7,2023-01-03,300003,Q11,2023-07-01,2500,5000,0,1,2,34.0,44.0
steel_135,Q235C,SLFOJTB,GB/T 2025-2015,18,2500,5000,F2,2023-01-02,200002,Q1,2023-01-01,2500,5000,3,1,0,94.0,112.0
steel_136,Q345R(R-HIC),04IDY93,GB/T 6060-2017,15,2500,5000,F8,2023-01-03,500005,Q12,2023-07-01,2500,5000,4,1,1,111.0,126.0
steel_137,Q235B,NWI1M3X,GB/T 4040-2019,21,2500,5000,F3,2023-01-02,300003,Q8,2023-04-01,2500,5000,5,0,0,108.0,129.0
steel_138,Q235B,0R5F5QR,GB/T 4040-2019,25,2500,5000,F4,2023-01-01,300003,Q5,2023-10-01,2500,5000,1,0,1,15.0,40.0
steel_139,Q235C,OM5MEKI,GB/T 1122-2021,20,2500,5000,F5,2023-01-01,300003,Q2,2023-01-01,2500,5000,1,0,2,10.0,30.0
steel_140,Q235B,C9ZB19I,GB/T 2025-2015,8,2500,5000,F2,2023-01-03,500005,Q9,2023-04-01,2500,5000,1,1,0,21.0,29.0
steel_141,Q245A,C88GXCR,GB/T 3050-2020,15,2500,5000,F5,2023-01-01,300003,Q2,2023-01-01,2500,5000,2,1,0,20.0,35.0
steel_142,Q235B,6X5GTA2,GB/T 2025-2015,8,2500,5000,F3,2023-01-01,300003,Q11,2023-07-01,2500,5000,3,0,1,48.0,56.0
steel_143,Q345C,C88GXCR,GB/T 3050-2020,20,2500,5000,F3,2023-01-01,200002,Q1,2023-01-01,2500,5000,5,1,0,64.0,84.0
steel_144,Q245A,5P5OJE5,GB/T 5050-2018,21,2500,5000,F6,2023-01-01,200002,Q7,2023-04-01,2500,5000,5,1,1,61.0,82.0
steel_145,Q245A,D258TC6,GB/T 2025-2015,25,2500,5000,F7,2023-01-02,300003,Q11,2023-07-01,2500,5000,5,0,0,129.0,154.0
steel_146,Q235C,G538PC9,GB/T 5050-2018,16,2500,5000,F8,2023-01-02,300003,Q11,2023-07-01,2500,5000,2,0,1,42.0,58.0
steel_147,Q345B,7Y5SPMH,GB/T 4040-2019,25,2500,5000,F6,2023-01-03,200002,Q7,2023-04-01,2500,5000,3,1,0,112.0,137.0
steel_148,Q345B,SS5F6F1,GB/T 4040-2019,25,2500,5000,F1,2023-01-03,200002,Q10,2023-07-01,2500,5000,1,1,0,29.0,54.0
steel_149,Q235B,1K5BJFG,GB/T 1122-2021,15,2500,5000,F2,2023-01-03,200002,Q10,2023-07-01,2500,5000,4,0,0,46.0,61.0
steel_150,Q245A,DIKE2AD,GB/T 2025-2015,21,2500,5000,F2,2023-01-01,500005,Q12,2023-07-01,2500,5000,5,0,1,95.0,116.0
steel_151,Q345B,VEC3GU5,GB/T 5050-2018,15,2500,5000,F8,2023-01-01,500005,Q6,2023-10-01,2500,5000,1,2,0,29.0,44.0
steel_152,Q345B,0MVYTA0,GB/T 3050-2020,15,2500,5000,F3,2023-01-02,200002,Q1,2023-01-01,2500,5000,4,1,1,126.0,141.0
steel_153,Q235B,J6RT5EK,GB/T 4040-2019,20,2500,5000,F5,2023-01-02,300003,Q11,2023-07-01,2500,5000,4,0,0,61.0,81.0
steel_154,Q345B,QWEFIIX,GB/T 4040-2019,15,2500,5000,F2,2023-01-03,200002,Q10,2023-07-01,2500,5000,5,0,1,116.0,131.0
steel_155,Q345R(R-HIC),ZXN6F8S,GB/T 3050-2020,20,2500,5000,F8,2023-01-02,500005,Q6,2023-10-01,2500,5000,5,1,0,84.0,104.0
steel_156,Q235D,SECBIFE,GB/T 5050-2018,18,2500,5000,F2,2023-01-02,300003,Q5,2023-10-01,2500,5000,4,1,1,141.0,159.0
steel_157,Q235C,OYJ1KIP,GB/T 5050-2018,18,2500,5000,F2,2023-01-02,500005,Q3,2023-01-01,2500,5000,4,0,0,81.0,99.0
steel_158,Q235D,H60UCIF,GB/T 2025-2015,16,2500,5000,F7,2023-01-02,300003,Q5,2023-10-01,2500,5000,1,1,2,8.0,24.0
steel_159,Q235B,D258TC6,GB/T 2025-2015,18,2500,5000,F1,2023-01-02,500005,Q9,2023-04-01,2500,5000,4,1,0,46.0,64.0
steel_160,Q345C,NXITJH4,GB/T 6060-2017,18,2500,5000,F7,2023-01-03,300003,Q11,2023-07-01,2500,5000,0,2,1,48.0,66.0
steel_161,Q235C,DF8AJZJ,GB/T 6060-2017,18,2500,5000,F1,2023-01-03,300003,Q11,2023-07-01,2500,5000,0,0,0,60.0,78.0
steel_162,Q235B,Z54FGX4,GB/T 1122-2021,16,2500,5000,F2,2023-01-02,300003,Q2,2023-01-01,2500,5000,5,0,1,131.0,147.0
steel_163,Q245A,O2X92JX,GB/T 4040-2019,8,2500,5000,F6,2023-01-03,300003,Q5,2023-10-01,2500,5000,2,0,0,55.0,63.0
steel_164,Q345C,95RCE0K,GB/T 2025-2015,18,2500,5000,F5,2023-01-01,500005,Q9,2023-04-01,2500,5000,1,1,0,54.0,72.0
steel_165,Q235D,RA9VXLL,GB/T 5050-2018,10,2500,5000,F3,2023-01-02,500005,Q3,2023-01-01,2500,5000,1,1,1,45.0,55.0
steel_166,Q235B,NWI1M3X,GB/T 3050-2020,20,2500,5000,F2,2023-01-01,300003,Q5,2023-10-01,2500,5000,0,1,2,44.0,64.0
steel_167,Q245A,RUB4SJD,GB/T 5050-2018,20,2500,5000,F1,2023-01-03,300003,Q8,2023-04-01,2500,5000,2,2,0,122.0,142.0
steel_168,Q235C,SS5F6F1,GB/T 4040-2019,16,2500,5000,F1,2023-01-03,500005,Q6,2023-10-01,2500,5000,5,1,1,82.0,98.0
steel_169,Q235C,UJVZH9X,GB/T 6060-2017,18,2500,5000,F1,2023-01-01,300003,Q5,2023-10-01,2500,5000,0,0,0,78.0,96.0
steel_170,Q245R(R-HIC),Q0CYXUI,GB/T 5050-2018,25,2500,5000,F2,2023-01-03,300003,Q5,2023-10-01,2500,5000,2,0,1,58.0,83.0
steel_171,Q245A,CCY29L2,GB/T 1122-2021,21,2500,5000,F8,2023-01-02,300003,Q8,2023-04-01,2500,5000,2,1,0,35.0,56.0
steel_172,Q345R(R-HIC),OYJ1KIP,GB/T 4040-2019,25,2500,5000,F6,2023-01-01,200002,Q4,2023-10-01,2500,5000,2,1,1,59.0,84.0
steel_173,Q345B,DIKE2AD,GB/T 6060-2017,21,2500,5000,F8,2023-01-02,300003,Q5,2023-10-01,2500,5000,1,1,1,55.0,76.0
steel_174,Q345C,TDOT4RG,GB/T 3050-2020,8,2500,5000,F3,2023-01-01,200002,Q1,2023-01-01,2500,5000,2,2,1,59.0,67.0
steel_175,Q245A,QK89HAW,GB/T 6060-2017,8,2500,5000,F2,2023-01-03,300003,Q2,2023-01-01,2500,5000,4,1,0,64.0,72.0
steel_176,Q245R(R-HIC),4M20CMN,GB/T 1122-2021,18,2500,5000,F1,2023-01-01,500005,Q9,2023-04-01,2500,5000,0,2,1,66.0,84.0
steel_177,Q345B,Y2387UN,GB/T 4040-2019,10,2500,5000,F6,2023-01-01,200002,Q7,2023-04-01,2500,5000,0,0,0,96.0,106.0
steel_178,Q345B,9TIL02C,GB/T 3050-2020,16,2500,5000,F6,2023-01-02,200002,Q4,2023-10-01,2500,5000,0,0,1,85.0,101.0
steel_179,Q235B,HDAB0E9,GB/T 1122-2021,16,2500,5000,F4,2023-01-03,300003,Q5,2023-10-01,2500,5000,3,1,0,137.0,153.0
steel_180,Q345B,6KPENAM,GB/T 6060-2017,18,2500,5000,F3,2023-01-02,300003,Q5,2023-10-01,2500,5000,5,1,1,98.0,116.0
steel_181,Q345R(R-HIC),SHL66DZ,GB/T 1122-2021,20,2500,5000,F5,2023-01-03,200002,Q10,2023-07-01,2500,5000,5,0,0,154.0,174.0
steel_182,Q235C,4H07DV0,GB/T 4040-2019,20,2500,5000,F5,2023-01-02,500005,Q3,2023-01-01,2500,5000,3,0,1,56.0,76.0
steel_183,Q245R(R-HIC),NWI1M3X,GB/T 2025-2015,18,2500,5000,F6,2023-01-01,500005,Q3,2023-01-01,2500,5000,3,1,0,153.0,171.0
steel_184,Q345B,MZOA1RK,GB/T 1122-2021,21,2500,5000,F2,2023-01-02,300003,Q2,2023-01-01,2500,5000,4,1,1,159.0,180.0
steel_185,Q235B,7HYE8DD,GB/T 1122-2021,16,2500,5000,F1,2023-01-03,500005,Q12,2023-07-01,2500,5000,1,0,0,38.0,54.0
steel_186,Q345R(R-HIC),IUIEMCP,GB/T 6060-2017,25,2500,5000,F1,2023-01-03,500005,Q3,2023-01-01,2500,5000,5,0,1,147.0,172.0
steel_187,Q235D,J6RT5EK,GB/T 6060-2017,8,2500,5000,F6,2023-01-01,300003,Q11,2023-07-01,2500,5000,0,0,2,159.0,167.0
steel_188,Q235C,95IQ4Z7,GB/T 3050-2020,25,2500,5000,F8,2023-01-03,500005,Q3,2023-01-01,2500,5000,4,1,1,180.0,205.0
steel_189,Q235C,B04H2H3,GB/T 6060-2017,20,2500,5000,F3,2023-01-02,300003,Q5,2023-10-01,2500,5000,5,0,0,174.0,194.0
steel_190,Q245R(R-HIC),9W9W7HZ,GB/T 5050-2018,16,2500,5000,F1,2023-01-01,200002,Q4,2023-10-01,2500,5000,5,0,1,172.0,188.0
steel_191,Q235C,KRVFHUF,GB/T 4040-2019,10,2500,5000,F6,2023-01-03,300003,Q2,2023-01-01,2500,5000,3,1,0,171.0,181.0
steel_192,Q345B,EGZ369S,GB/T 4040-2019,16,2500,5000,F1,2023-01-03,200002,Q1,2023-01-01,2500,5000,1,2,1,67.0,83.0
steel_193,Q235B,28F5IXF,GB/T 2025-2015,10,2500,5000,F5,2023-01-02,200002,Q10,2023-07-01,2500,5000,0,0,0,106.0,116.0
steel_194,Q235C,91N3B13,GB/T 2025-2015,10,2500,5000,F6,2023-01-02,500005,Q6,2023-10-01,2500,5000,5,0,1,188.0,198.0
steel_195,Q235C,72KYO7Z,GB/T 4040-2019,18,2500,5000,F3,2023-01-01,500005,Q9,2023-04-01,2500,5000,3,1,0,181.0,199.0
steel_196,Q235D,CQMGZVJ,GB/T 2025-2015,18,2500,5000,F6,2023-01-03,500005,Q3,2023-01-01,2500,5000,2,1,1,84.0,102.0
steel_197,Q235D,JGW5Z76,GB/T 3050-2020,20,2500,5000,F4,2023-01-02,300003,Q8,2023-04-01,2500,5000,1,1,1,76.0,96.0
steel_198,Q345C,UEA5MQ2,GB/T 6060-2017,25,2500,5000,F6,2023-01-01,500005,Q3,2023-01-01,2500,5000,4,0,1,118.0,143.0
steel_199,Q345R(R-HIC),WXJG952,GB/T 4040-2019,18,2500,5000,F6,2023-01-03,200002,Q4,2023-10-01,2500,5000,4,1,0,72.0,90.0
steel_200,Q345B,I6ER7SC,GB/T 2025-2015,18,2500,5000,F2,2023-01-03,500005,Q3,2023-01-01,2500,5000,0,2,1,84.0,102.0
steel_201,Q235C,PGMZI45,GB/T 4040-2019,8,2500,5000,F5,2023-01-01,500005,Q6,2023-10-01,2500,5000,5,0,0,194.0,202.0
steel_202,Q245A,CWGB0TK,GB/T 5050-2018,20,2500,5000,F3,2023-01-01,300003,Q11,2023-07-01,2500,5000,2,1,1,102.0,122.0
steel_203,Q235C,8N3UMZC,GB/T 1122-2021,16,2500,5000,F2,2023-01-02,300003,Q2,2023-01-01,2500,5000,3,1,0,199.0,215.0
steel_204,Q235B,SLFOJTB,GB/T 6060-2017,25,2500,5000,F6,2023-01-03,200002,Q4,2023-10-01,2500,5000,1,1,0,72.0,97.0
steel_205,Q345C,1VQRKL1,GB/T 4040-2019,21,2500,5000,F3,2023-01-03,300003,Q8,2023-04-01,2500,5000,2,0,0,63.0,84.0
steel_206,Q345R(R-HIC),X2ATOY2,GB/T 1122-2021,18,2500,5000,F4,2023-01-03,500005,Q3,2023-01-01,2500,5000,0,1,2,64.0,82.0
steel_207,Q245A,UZW1FL1,GB/T 2025-2015,8,2500,5000,F3,2023-01-01,300003,Q11,2023-07-01,2500,5000,1,2,0,44.0,52.0
steel_208,Q345C,91N3B13,GB/T 1122-2021,21,2500,5000,F1,2023-01-02,200002,Q7,2023-04-01,2500,5000,3,1,1,102.0,123.0
steel_209,Q245R(R-HIC),SNAUE12,GB/T 6060-2017,21,2500,5000,F2,2023-01-03,500005,Q3,2023-01-01,2500,5000,3,0,0,89.0,110.0
steel_210,Q345R(R-HIC),S85NKSK,GB/T 4040-2019,10,2500,5000,F3,2023-01-01,200002,Q4,2023-10-01,2500,5000,1,0,1,40.0,50.0
steel_211,Q235C,9KO3JBE,GB/T 5050-2018,15,2500,5000,F5,2023-01-03,300003,Q5,2023-10-01,2500,5000,5,1,0,104.0,119.0
steel_212,Q235C,3W69200,GB/T 2025-2015,21,2500,5000,F4,2023-01-02,300003,Q8,2023-04-01,2500,5000,4,1,1,205.0,226.0
steel_213,Q345R(R-HIC),64ZVC5J,GB/T 4040-2019,10,2500,5000,F7,2023-01-03,200002,Q7,2023-04-01,2500,5000,4,0,0,99.0,109.0
steel_214,Q235C,QRL62Q2,GB/T 6060-2017,25,2500,5000,F6,2023-01-02,500005,Q3,2023-01-01,2500,5000,4,0,1,143.0,168.0
steel_215,Q345B,0R5F5QR,GB/T 2025-2015,16,2500,5000,F3,2023-01-02,300003,Q11,2023-07-01,2500,5000,5,1,0,119.0,135.0
steel_216,Q345R(R-HIC),X89IA6L,GB/T 3050-2020,8,2500,5000,F6,2023-01-03,300003,Q5,2023-10-01,2500,5000,1,2,1,83.0,91.0
steel_217,Q345C,8CZMUEA,GB/T 1122-2021,21,2500,5000,F8,2023-01-03,500005,Q6,2023-10-01,2500,5000,3,0,0,110.0,131.0
steel_218,Q345R(R-HIC),AJ6P2QV,GB/T 6060-2017,15,2500,5000,F1,2023-01-02,300003,Q5,2023-10-01,2500,5000,4,0,1,168.0,183.0
steel_219,Q245A,D258TC6,GB/T 3050-2020,18,2500,5000,F2,2023-01-01,200002,Q10,2023-07-01,2500,5000,0,0,2,167.0,185.0
steel_220,Q235C,MYEHRT3,GB/T 4040-2019,8,2500,5000,F1,2023-01-02,300003,Q8,2023-04-01,2500,5000,1,1,0,97.0,105.0
steel_221,Q345B,3KX4URW,GB/T 5050-2018,8,2500,5000,F8,2023-01-03,300003,Q2,2023-01-01,2500,5000,3,0,0,131.0,139.0
steel_222,Q345B,8SB016D,GB/T 2025-2015,20,2500,5000,F8,2023-01-03,500005,Q12,2023-07-01,2500,5000,3,0,1,76.0,96.0
steel_223,Q245R(R-HIC),3HEYBFO,GB/T 1122-2021,18,2500,5000,F2,2023-01-01,200002,Q7,2023-04-01,2500,5000,1,2,0,52.0,70.0
steel_224,Q345C,O1HPDT0,GB/T 2025-2015,18,2500,5000,F3,2023-01-02,500005,Q3,2023-01-01,2500,5000,0,2,1,102.0,120.0
steel_225,Q235D,OLSFJE7,GB/T 4040-2019,21,2500,5000,F8,2023-01-02,300003,Q8,2023-04-01,2500,5000,4,0,0,109.0,130.0
steel_226,Q235D,J7251CH,GB/T 2025-2015,20,2500,5000,F7,2023-01-02,300003,Q5,2023-10-01,2500,5000,2,1,1,122.0,142.0
steel_227,Q345R(R-HIC),2IX13U8,GB/T 1122-2021,10,2500,5000,F6,2023-01-03,500005,Q12,2023-07-01,2500,5000,2,2,0,142.0,152.0
steel_228,Q245R(R-HIC),621MUFR,GB/T 4040-2019,15,2500,5000,F6,2023-01-02,500005,Q12,2023-07-01,2500,5000,2,2,1,67.0,82.0
steel_229,Q235B,U2AOHRV,GB/T 2025-2015,25,2500,5000,F4,2023-01-01,500005,Q9,2023-04-01,2500,5000,2,0,0,84.0,109.0
steel_230,Q345R(R-HIC),V9JRFBM,GB/T 5050-2018,21,2500,5000,F5,2023-01-03,200002,Q4,2023-10-01,2500,5000,4,0,1,183.0,204.0
steel_231,Q245R(R-HIC),XN9SJHS,GB/T 6060-2017,18,2500,5000,F8,2023-01-03,300003,Q2,2023-01-01,2500,5000,0,2,0,50.0,68.0
steel_232,Q345C,SS5F6F1,GB/T 4040-2019,10,2500,5000,F8,2023-01-02,500005,Q12,2023-07-01,2500,5000,4,1,1,226.0,236.0
steel_233,Q345C,IOKUB9A,GB/T 6060-2017,15,2500,5000,F7,2023-01-01,300003,Q8,2023-04-01,2500,5000,4,0,0,130.0,145.0
steel_234,Q345C,H60UCIF,GB/T 4040-2019,20,2500,5000,F1,2023-01-03,200002,Q7,2023-04-01,2500,5000,2,2,1,82.0,102.0
steel_235,Q345C,4M20CMN,GB/T 5050-2018,21,2500,5000,F1,2023-01-03,200002,Q10,2023-07-01,2500,5000,1,0,2,30.0,51.0
steel_236,Q345C,8RXJ5IT,GB/T 6060-2017,20,2500,5000,F6,2023-01-02,200002,Q10,2023-07-01,2500,5000,1,1,0,105.0,125.0
steel_237,Q245R(R-HIC),P2ML9R2,GB/T 3050-2020,21,2500,5000,F6,2023-01-02,200002,Q1,2023-01-01,2500,5000,3,0,0,139.0,160.0
steel_238,Q245R(R-HIC),KQ891BC,GB/T 1122-2021,21,2500,5000,F3,2023-01-01,300003,Q11,2023-07-01,2500,5000,2,1,1,142.0,163.0
steel_239,Q345B,0DR6RNC,GB/T 3050-2020,8,2500,5000,F2,2023-01-02,200002,Q1,2023-01-01,2500,5000,5,1,0,135.0,143.0
steel_240,Q245A,KHE3W7A,GB/T 2025-2015,16,2500,5000,F5,2023-01-01,200002,Q7,2023-04-01,2500,5000,2,2,1,102.0,118.0
steel_241,Q235D,FJO3YY7,GB/T 5050-2018,10,2500,5000,F7,2023-01-03,500005,Q9,2023-04-01,2500,5000,4,0,0,145.0,155.0
steel_242,Q235C,B94WQ6E,GB/T 3050-2020,10,2500,5000,F2,2023-01-01,200002,Q1,2023-01-01,2500,5000,5,0,1,198.0,208.0
steel_243,Q345C,D373K6W,GB/T 4040-2019,21,2500,5000,F2,2023-01-01,500005,Q9,2023-04-01,2500,5000,5,1,0,143.0,164.0
steel_244,Q235B,MFVA0DI,GB/T 2025-2015,16,2500,5000,F4,2023-01-01,200002,Q7,2023-04-01,2500,5000,0,1,0,62.0,78.0
steel_245,Q235C,A2JOJE7,GB/T 2025-2015,18,2500,5000,F2,2023-01-03,200002,Q10,2023-07-01,2500,5000,3,0,0,160.0,178.0
steel_246,Q245R(R-HIC),P2ML9R2,GB/T 3050-2020,10,2500,5000,F4,2023-01-02,500005,Q12,2023-07-01,2500,5000,4,0,1,204.0,214.0
steel_247,Q235B,UZW1FL1,GB/T 3050-2020,15,2500,5000,F2,2023-01-03,200002,Q1,2023-01-01,2500,5000,4,1,0,90.0,105.0
steel_248,Q235B,SLFOJTB,GB/T 5050-2018,10,2500,5000,F7,2023-01-02,300003,Q5,2023-10-01,2500,5000,2,0,1,83.0,93.0
steel_249,Q235B,VPTJZUD,GB/T 1122-2021,10,2500,5000,F4,2023-01-01,300003,Q11,2023-07-01,2500,5000,5,0,0,202.0,212.0
steel_250,Q345B,SGLV0IX,GB/T 3050-2020,20,2500,5000,F1,2023-01-01,200002,Q7,2023-04-01,2500,5000,3,0,1,96.0,116.0
steel_251,Q245R(R-HIC),BRM0WHW,GB/T 3050-2020,10,2500,5000,F4,2023-01-01,300003,Q5,2023-10-01,2500,5000,5,1,0,164.0,174.0
steel_252,Q235B,LJ8ZEUF,GB/T 6060-2017,20,2500,5000,F4,2023-01-01,500005,Q3,2023-01-01,2500,5000,1,1,0,125.0,145.0
steel_253,Q345C,G538PC9,GB/T 4040-2019,8,2500,5000,F7,2023-01-01,200002,Q10,2023-07-01,2500,5000,1,1,1,96.0,104.0
steel_254,Q345R(R-HIC),SNAUE12,GB/T 6060-2017,8,2500,5000,F7,2023-01-02,200002,Q4,2023-10-01,2500,5000,4,0,1,214.0,222.0
steel_255,Q235B,NPTQH1M,GB/T 6060-2017,10,2500,5000,F4,2023-01-02,500005,Q3,2023-01-01,2500,5000,2,1,0,56.0,66.0
steel_256,Q345B,YKSG0LB,GB/T 2025-2015,18,2500,5000,F5,2023-01-01,500005,Q3,2023-01-01,2500,5000,5,1,1,116.0,134.0
steel_257,Q235C,91N3B13,GB/T 1122-2021,20,2500,5000,F8,2023-01-03,500005,Q6,2023-10-01,2500,5000,3,0,0,178.0,198.0
steel_258,Q245R(R-HIC),7LNYVFN,GB/T 4040-2019,16,2500,5000,F5,2023-01-03,200002,Q7,2023-04-01,2500,5000,1,0,1,50.0,66.0
steel_259,Q245A,AJ6P2QV,GB/T 5050-2018,16,2500,5000,F7,2023-01-01,500005,Q6,2023-10-01,2500,5000,0,0,2,185.0,201.0
steel_260,Q345B,7SM6KVU,GB/T 5050-2018,20,2500,5000,F5,2023-01-02,500005,Q12,2023-07-01,2500,5000,3,1,1,123.0,143.0
steel_261,Q235B,7ZQ98XH,GB/T 3050-2020,8,2500,5000,F5,2023-01-03,300003,Q8,2023-04-01,2500,5000,1,1,1,104.0,112.0
steel_262,Q245R(R-HIC),HDAB0E9,GB/T 3050-2020,15,2500,5000,F3,2023-01-03,300003,Q5,2023-10-01,2500,5000,1,1,2,24.0,39.0
steel_263,Q345R(R-HIC),UJVZH9X,GB/T 5050-2018,21,2500,5000,F3,2023-01-03,200002,Q7,2023-04-01,2500,5000,2,2,0,152.0,173.0
steel_264,Q235B,0QN1TJ2,GB/T 3050-2020,18,2500,5000,F1,2023-01-01,300003,Q11,2023-07-01,2500,5000,2,2,1,118.0,136.0
steel_265,Q345B,RTH5WLX,GB/T 1122-2021,15,2500,5000,F2,2023-01-03,300003,Q11,2023-07-01,2500,5000,0,0,0,116.0,131.0
steel_266,Q235D,0MVYTA0,GB/T 6060-2017,25,2500,5000,F4,2023-01-03,500005,Q6,2023-10-01,2500,5000,5,0,1,208.0,233.0
steel_267,Q345C,9E3B5FE,GB/T 3050-2020,21,2500,5000,F8,2023-01-03,500005,Q12,2023-07-01,2500,5000,4,1,0,105.0,126.0
steel_268,Q245A,BTCXT0R,GB/T 2025-2015,10,2500,5000,F1,2023-01-03,300003,Q11,2023-07-01,2500,5000,3,1,1,143.0,153.0
steel_269,Q235C,YHR7IB4,GB/T 3050-2020,20,2500,5000,F4,2023-01-02,300003,Q5,2023-10-01,2500,5000,4,0,0,155.0,175.0
steel_270,Q345B,YHR7IB4,GB/T 4040-2019,18,2500,5000,F5,2023-01-01,300003,Q11,2023-07-01,2500,5000,0,1,2,82.0,100.0
steel_271,Q245R(R-HIC),VOV2BEQ,GB/T 1122-2021,16,2500,5000,F7,2023-01-01,200002,Q7,2023-04-01,2500,5000,5,1,0,174.0,190.0
steel_272,Q245A,CWGB0TK,GB/T 4040-2019,15,2500,5000,F3,2023-01-02,200002,Q4,2023-10-01,2500,5000,5,1,1,134.0,149.0
steel_273,Q245A,0DR6RNC,GB/T 4040-2019,15,2500,5000,F6,2023-01-02,200002,Q4,2023-10-01,2500,5000,5,0,0,212.0,227.0
steel_274,Q245A,4LDID7Q,GB/T 2025-2015,18,2500,5000,F8,2023-01-01,300003,Q2,2023-01-01,2500,5000,4,0,1,222.0,240.0
steel_275,Q235B,8N3UMZC,GB/T 1122-2021,16,2500,5000,F5,2023-01-03,300003,Q2,2023-01-01,2500,5000,1,0,2,51.0,67.0
steel_276,Q345C,EPNG3F3,GB/T 1122-2021,21,2500,5000,F6,2023-01-03,200002,Q10,2023-07-01,2500,5000,0,1,0,78.0,99.0
steel_277,Q235B,RA9VXLL,GB/T 1122-2021,20,2500,5000,F3,2023-01-01,200002,Q4,2023-10-01,2500,5000,2,0,0,109.0,129.0
steel_278,Q245R(R-HIC),M1UPZ3Y,GB/T 1122-2021,8,2500,5000,F5,2023-01-03,300003,Q2,2023-01-01,2500,5000,0,1,2,100.0,108.0
steel_279,Q235B,C88GXCR,GB/T 1122-2021,20,2500,5000,F2,2023-01-02,500005,Q3,2023-01-01,2500,5000,1,2,0,70.0,90.0
steel_280,Q235D,UZW1FL1,GB/T 2025-2015,10,2500,5000,F2,2023-01-03,200002,Q7,2023-04-01,2500,5000,4,1,1,236.0,246.0
steel_281,Q345C,87STL9J,GB/T 3050-2020,18,2500,5000,F6,2023-01-03,300003,Q8,2023-04-01,2500,5000,3,0,0,198.0,216.0
steel_282,Q345C,Q4IJWB6,GB/T 4040-2019,20,2500,5000,F7,2023-01-03,300003,Q2,2023-01-01,2500,5000,2,2,1,136.0,156.0
steel_283,Q245R(R-HIC),ROGBOID,GB/T 1122-2021,10,2500,5000,F5,2023-01-01,500005,Q6,2023-10-01,2500,5000,5,1,0,190.0,200.0
steel_284,Q235C,FA1K4WR,GB/T 3050-2020,16,2500,5000,F4,2023-01-02,300003,Q11,2023-07-01,2500,5000,3,1,1,153.0,169.0
steel_285,Q235D,CYXIRMO,GB/T 3050-2020,10,2500,5000,F5,2023-01-03,300003,Q11,2023-07-01,2500,5000,4,0,0,175.0,185.0
steel_286,Q345B,JTJ5X69,GB/T 4040-2019,8,2500,5000,F7,2023-01-01,200002,Q10,2023-07-01,2500,5000,0,1,2,108.0,116.0
steel_287,Q235B,3WKN3HU,GB/T 2025-2015,15,2500,5000,F5,2023-01-03,200002,Q4,2023-10-01,2500,5000,5,1,0,200.0,215.0
steel_288,Q345R(R-HIC),IUIEMCP,GB/T 5050-2018,15,2500,5000,F6,2023-01-02,500005,Q9,2023-04-01,2500,5000,4,1,1,246.0,261.0
steel_289,Q235B,7SM6KVU,GB/T 5050-2018,25,2500,5000,F7,2023-01-03,500005,Q6,2023-10-01,2500,5000,5,0,0,227.0,252.0
steel_290,Q245A,B3L02BV,GB/T 3050-2020,16,2500,5000,F3,2023-01-02,300003,Q11,2023-07-01,2500,5000,4,0,1,240.0,256.0
steel_291,Q235B,4K4TR0M,GB/T 6060-2017,15,2500,5000,F8,2023-01-03,200002,Q1,2023-01-01,2500,5000,0,0,2,201.0,216.0
steel_292,Q345B,OMYQBHG,GB/T 6060-2017,18,2500,5000,F7,2023-01-02,500005,Q12,2023-07-01,2500,5000,1,1,0,145.0,163.0
steel_293,Q235B,S72FQGP,GB/T 4040-2019,8,2500,5000,F5,2023-01-03,500005,Q9,2023-04-01,2500,5000,4,0,0,185.0,193.0
steel_294,Q235D,50IHPKL,GB/T 5050-2018,25,2500,5000,F3,2023-01-02,500005,Q3,2023-01-01,2500,5000,3,0,1,116.0,141.0
steel_295,Q235D,6P33R3B,GB/T 3050-2020,20,2500,5000,F8,2023-01-03,300003,Q8,2023-04-01,2500,5000,3,1,0,215.0,235.0
steel_296,Q345C,SS5F6F1,GB/T 2025-2015,20,2500,5000,F2,2023-01-03,200002,Q4,2023-10-01,2500,5000,0,2,1,120.0,140.0
steel_297,Q245R(R-HIC),UJVZH9X,GB/T 5050-2018,10,2500,5000,F4,2023-01-01,500005,Q9,2023-04-01,2500,5000,2,1,0,66.0,76.0
steel_298,Q235C,ZE9E4AH,GB/T 3050-2020,16,2500,5000,F6,2023-01-01,200002,Q10,2023-07-01,2500,5000,5,0,1,233.0,249.0
steel_299,Q345R(R-HIC),S12UU4J,GB/T 3050-2020,16,2500,5000,F5,2023-01-02,500005,Q6,2023-10-01,2500,5000,1,0,2,67.0,83.0
steel_300,Q245A,TDOT4RG,GB/T 1122-2021,21,2500,5000,F5,2023-01-03,500005,Q3,2023-01-01,2500,5000,4,1,1,261.0,282.0
steel_301,Q235B,ROGBOID,GB/T 2025-2015,8,2500,5000,F2,2023-01-02,200002,Q4,2023-10-01,2500,5000,5,0,0,252.0,260.0
steel_302,Q235B,RUB4SJD,GB/T 1122-2021,15,2500,5000,F4,2023-01-01,200002,Q10,2023-07-01,2500,5000,2,0,1,93.0,108.0
steel_303,Q345B,VANO5B8,GB/T 4040-2019,25,2500,5000,F2,2023-01-02,200002,Q1,2023-01-01,2500,5000,1,2,0,90.0,115.0
steel_304,Q245R(R-HIC),7ZQ98XH,GB/T 1122-2021,16,2500,5000,F1,2023-01-02,300003,Q2,2023-01-01,2500,5000,0,2,1,140.0,156.0
steel_305,Q235D,P00VUNJ,GB/T 1122-2021,16,2500,5000,F2,2023-01-01,500005,Q12,2023-07-01,2500,5000,2,2,0,173.0,189.0
steel_306,Q345R(R-HIC),P00VUNJ,GB/T 5050-2018,8,2500,5000,F3,2023-01-03,300003,Q5,2023-10-01,2500,5000,3,0,1,141.0,149.0
steel_307,Q345C,J7251CH,GB/T 6060-2017,25,2500,5000,F8,2023-01-02,200002,Q1,2023-01-01,2500,5000,3,1,0,235.0,260.0
steel_308,Q235D,8MKPONK,GB/T 3050-2020,8,2500,5000,F5,2023-01-01,500005,Q12,2023-07-01,2500,5000,5,1,1,149.0,157.0
steel_309,Q245A,CWGB0TK,GB/T 2025-2015,20,2500,5000,F2,2023-01-03,300003,Q11,2023-07-01,2500,5000,2,1,0,76.0,96.0
steel_310,Q245R(R-HIC),18L9LKP,GB/T 1122-2021,21,2500,5000,F5,2023-01-01,500005,Q6,2023-10-01,2500,5000,4,0,1,256.0,277.0
steel_311,Q245A,D258TC6,GB/T 2025-2015,10,2500,5000,F7,2023-01-02,300003,Q2,2023-01-01,2500,5000,3,1,0,260.0,270.0
steel_312,Q235C,DIKDCW1,GB/T 6060-2017,20,2500,5000,F4,2023-01-03,200002,Q10,2023-07-01,2500,5000,0,2,1,156.0,176.0
steel_313,Q345C,QDJJL28,GB/T 6060-2017,8,2500,5000,F2,2023-01-03,300003,Q2,2023-01-01,2500,5000,0,0,0,131.0,139.0
steel_314,Q235C,0MVYTA0,GB/T 1122-2021,10,2500,5000,F8,2023-01-01,500005,Q6,2023-10-01,2500,5000,1,0,1,66.0,76.0
steel_315,Q345B,0DR6RNC,GB/T 4040-2019,21,2500,5000,F3,2023-01-01,500005,Q12,2023-07-01,2500,5000,1,0,2,83.0,104.0
steel_316,Q245A,YQF68EE,GB/T 1122-2021,21,2500,5000,F1,2023-01-01,500005,Q12,2023-07-01,2500,5000,2,1,1,163.0,184.0
steel_317,Q345B,8IQWCMR,GB/T 5050-2018,18,2500,5000,F5,2023-01-03,500005,Q3,2023-01-01,2500,5000,0,1,1,68.0,86.0
steel_318,Q235B,LQN79VT,GB/T 3050-2020,16,2500,5000,F4,2023-01-03,200002,Q10,2023-07-01,2500,5000,1,1,2,39.0,55.0
steel_319,Q235C,D4YLR31,GB/T 4040-2019,10,2500,5000,F6,2023-01-02,300003,Q2,2023-01-01,2500,5000,4,1,0,126.0,136.0
steel_320,Q245R(R-HIC),HZXFXX0,GB/T 1122-2021,8,2500,5000,F8,2023-01-03,200002,Q7,2023-04-01,2500,5000,1,2,1,91.0,99.0
steel_321,Q245A,04IDY93,GB/T 2025-2015,8,2500,5000,F6,2023-01-02,200002,Q7,2023-04-01,2500,5000,0,0,0,139.0,147.0
steel_322,Q345R(R-HIC),UEA5MQ2,GB/T 4040-2019,10,2500,5000,F8,2023-01-01,200002,Q7,2023-04-01,2500,5000,2,1,1,184.0,194.0
steel_323,Q345C,VEC3GU5,GB/T 4040-2019,15,2500,5000,F8,2023-01-01,500005,Q12,2023-07-01,2500,5000,1,0,2,104.0,119.0
steel_324,Q235D,PWR6GA7,GB/T 1122-2021,16,2500,5000,F3,2023-01-03,500005,Q3,2023-01-01,2500,5000,2,2,1,156.0,172.0
steel_325,Q245R(R-HIC),HC01IZP,GB/T 4040-2019,15,2500,5000,F3,2023-01-01,500005,Q6,2023-10-01,2500,5000,3,0,0,216.0,231.0
steel_326,Q245R(R-HIC),S12UU4J,GB/T 2025-2015,10,2500,5000,F3,2023-01-01,300003,Q2,2023-01-01,2500,5000,4,0,1,277.0,287.0
steel_327,Q345B,VPTJZUD,GB/T 6060-2017,16,2500,5000,F2,2023-01-03,500005,Q12,2023-07-01,2500,5000,5,1,0,215.0,231.0
steel_328,Q235C,X89IA6L,GB/T 4040-2019,21,2500,5000,F7,2023-01-02,300003,Q11,2023-07-01,2500,5000,3,1,1,169.0,190.0
steel_329,Q245A,O1HPDT0,GB/T 6060-2017,10,2500,5000,F8,2023-01-03,500005,Q12,2023-07-01,2500,5000,5,0,0,260.0,270.0
steel_330,Q245A,P4HCFYR,GB/T 2025-2015,25,2500,5000,F4,2023-01-02,500005,Q12,2023-07-01,2500,5000,5,0,1,249.0,274.0
steel_331,Q235B,ZAO3KZP,GB/T 1122-2021,25,2500,5000,F6,2023-01-03,200002,Q7,2023-04-01,2500,5000,0,0,2,216.0,241.0
steel_332,Q235B,D4YLR31,GB/T 3050-2020,10,2500,5000,F3,2023-01-03,200002,Q7,2023-04-01,2500,5000,3,1,1,190.0,200.0
steel_333,Q345C,PGMZI45,GB/T 4040-2019,21,2500,5000,F2,2023-01-01,200002,Q4,2023-10-01,2500,5000,1,1,1,112.0,133.0
steel_334,Q345B,PWR6GA7,GB/T 3050-2020,18,2500,5000,F3,2023-01-03,300003,Q8,2023-04-01,2500,5000,5,0,1,274.0,292.0
steel_335,Q245R(R-HIC),TXMSCFY,GB/T 2025-2015,18,2500,5000,F6,2023-01-03,300003,Q8,2023-04-01,2500,5000,0,2,0,68.0,86.0
steel_336,Q245A,Z2JJXFC,GB/T 4040-2019,16,2500,5000,F6,2023-01-02,500005,Q12,2023-07-01,2500,5000,3,1,1,200.0,216.0
steel_337,Q345R(R-HIC),04IDY93,GB/T 6060-2017,16,2500,5000,F5,2023-01-01,300003,Q8,2023-04-01,2500,5000,1,0,0,54.0,70.0
steel_338,Q345B,7IX24X6,GB/T 5050-2018,16,2500,5000,F8,2023-01-02,500005,Q6,2023-10-01,2500,5000,0,0,1,101.0,117.0
steel_339,Q345C,8EGBJL9,GB/T 3050-2020,18,2500,5000,F3,2023-01-02,300003,Q8,2023-04-01,2500,5000,0,0,2,241.0,259.0
steel_340,Q345C,P4HCFYR,GB/T 4040-2019,18,2500,5000,F6,2023-01-01,300003,Q5,2023-10-01,2500,5000,0,1,0,99.0,117.0
steel_341,Q345B,VEC3GU5,GB/T 3050-2020,20,2500,5000,F7,2023-01-01,300003,Q2,2023-01-01,2500,5000,3,0,0,231.0,251.0
steel_342,Q345C,O1HPDT0,GB/T 4040-2019,18,2500,5000,F7,2023-01-01,200002,Q10,2023-07-01,2500,5000,1,1,2,55.0,73.0
steel_343,Q345B,H3QO1NG,GB/T 1122-2021,20,2500,5000,F3,2023-01-03,300003,Q5,2023-10-01,2500,5000,5,1,0,231.0,251.0
steel_344,Q235D,6UHG5WG,GB/T 6060-2017,8,2500,5000,F2,2023-01-01,200002,Q1,2023-01-01,2500,5000,2,0,1,108.0,116.0
steel_345,Q345B,M1UPZ3Y,GB/T 3050-2020,10,2500,5000,F6,2023-01-01,200002,Q10,2023-07-01,2500,5000,4,0,0,193.0,203.0
steel_346,Q235C,Y4WDXCG,GB/T 5050-2018,21,2500,5000,F5,2023-01-01,300003,Q11,2023-07-01,2500,5000,0,0,1,117.0,138.0
steel_347,Q345B,7ZQ98XH,GB/T 5050-2018,15,2500,5000,F8,2023-01-02,500005,Q12,2023-07-01,2500,5000,3,1,0,270.0,285.0
steel_348,Q345C,SGT2BRK,GB/T 2025-2015,8,2500,5000,F8,2023-01-02,500005,Q6,2023-10-01,2500,5000,0,1,0,117.0,125.0
steel_349,Q245A,S1LBNWS,GB/T 4040-2019,10,2500,5000,F2,2023-01-03,500005,Q9,2023-04-01,2500,5000,1,1,1,133.0,143.0
steel_350,Q235C,KTQMRXF,GB/T 3050-2020,10,2500,5000,F5,2023-01-02,300003,Q8,2023-04-01,2500,5000,1,1,2,73.0,83.0
steel_351,Q345C,XUOHVM1,GB/T 2025-2015,25,2500,5000,F8,2023-01-03,500005,Q6,2023-10-01,2500,5000,3,1,0,285.0,310.0
steel_352,Q235B,CWGB0TK,GB/T 3050-2020,18,2500,5000,F5,2023-01-02,200002,Q7,2023-04-01,2500,5000,2,1,1,194.0,212.0
steel_353,Q235B,QK89HAW,GB/T 4040-2019,25,2500,5000,F1,2023-01-01,500005,Q6,2023-10-01,2500,5000,5,0,0,270.0,295.0
steel_354,Q245A,AJK6SED,GB/T 5050-2018,18,2500,5000,F3,2023-01-02,300003,Q5,2023-10-01,2500,5000,4,0,1,287.0,305.0
steel_355,Q245A,VEC3GU5,GB/T 1122-2021,16,2500,5000,F8,2023-01-03,500005,Q3,2023-01-01,2500,5000,4,1,0,136.0,152.0
steel_356,Q235C,R3X73GM,GB/T 5050-2018,15,2500,5000,F7,2023-01-02,200002,Q7,2023-04-01,2500,5000,1,1,0,163.0,178.0
steel_357,Q235D,8EGBJL9,GB/T 2025-2015,18,2500,5000,F6,2023-01-01,300003,Q5,2023-10-01,2500,5000,0,1,1,86.0,104.0
steel_358,Q245A,BW645ZG,GB/T 6060-2017,8,2500,5000,F5,2023-01-03,500005,Q12,2023-07-01,2500,5000,2,1,1,212.0,220.0
steel_359,Q235B,3WKN3HU,GB/T 1122-2021,25,2500,5000,F5,2023-01-01,300003,Q5,2023-10-01,2500,5000,2,2,0,189.0,214.0
steel_360,Q345B,YKSG0LB,GB/T 2025-2015,21,2500,5000,F4,2023-01-01,300003,Q8,2023-04-01,2500,5000,5,1,1,157.0,178.0
steel_361,Q345C,9E3B5FE,GB/T 4040-2019,15,2500,5000,F2,2023-01-03,300003,Q5,2023-10-01,2500,5000,5,0,0,295.0,310.0
steel_362,Q235B,3KX4URW,GB/T 1122-2021,25,2500,5000,F4,2023-01-01,500005,Q6,2023-10-01,2500,5000,0,0,1,138.0,163.0
steel_363,Q235B,UZW1FL1,GB/T 2025-2015,21,2500,5000,F8,2023-01-01,300003,Q8,2023-04-01,2500,5000,3,1,0,310.0,331.0
steel_364,Q235D,UILQU2Z,GB/T 4040-2019,20,2500,5000,F4,2023-01-02,500005,Q6,2023-10-01,2500,5000,0,1,0,125.0,145.0
steel_365,Q235C,K5POY1K,GB/T 5050-2018,8,2500,5000,F4,2023-01-01,200002,Q4,2023-10-01,2500,5000,1,1,1,143.0,151.0
steel_366,Q235C,DUFOY38,GB/T 6060-2017,16,2500,5000,F1,2023-01-01,500005,Q12,2023-07-01,2500,5000,3,0,1,149.0,165.0
steel_367,Q245R(R-HIC),SNAUE12,GB/T 4040-2019,16,2500,5000,F5,2023-01-01,200002,Q7,2023-04-01,2500,5000,1,2,0,115.0,131.0
steel_368,Q235D,DIKE2AD,GB/T 3050-2020,10,2500,5000,F7,2023-01-01,500005,Q3,2023-01-01,2500,5000,2,0,1,116.0,126.0
steel_369,Q345B,8CZMUEA,GB/T 4040-2019,8,2500,5000,F2,2023-01-03,300003,Q2,2023-01-01,2500,5000,3,0,0,251.0,259.0
steel_370,Q235C,8YVXEKN,GB/T 4040-2019,21,2500,5000,F7,2023-01-02,500005,Q12,2023-07-01,2500,5000,5,0,1,292.0,313.0
steel_371,Q345C,Z2JJXFC,GB/T 6060-2017,8,2500,5000,F1,2023-01-01,300003,Q8,2023-04-01,2500,5000,1,0,2,119.0,127.0
steel_372,Q245A,DIKDCW1,GB/T 3050-2020,18,2500,5000,F1,2023-01-01,200002,Q7,2023-04-01,2500,5000,3,1,1,216.0,234.0
steel_373,Q235D,WM7J4YE,GB/T 2025-2015,25,2500,5000,F4,2023-01-03,500005,Q3,2023-01-01,2500,5000,1,1,1,151.0,176.0
steel_374,Q245A,7Y5SPMH,GB/T 2025-2015,25,2500,5000,F3,2023-01-01,300003,Q2,2023-01-01,2500,5000,1,1,2,83.0,108.0
steel_375,Q235B,7SM6KVU,GB/T 4040-2019,10,2500,5000,F5,2023-01-03,200002,Q4,2023-10-01,2500,5000,3,1,0,331.0,341.0
steel_376,Q345C,DIKE2AD,GB/T 3050-2020,21,2500,5000,F6,2023-01-02,200002,Q4,2023-10-01,2500,5000,1,2,1,99.0,120.0
steel_377,Q345C,SS5F6F1,GB/T 3050-2020,8,2500,5000,F5,2023-01-02,500005,Q9,2023-04-01,2500,5000,3,0,0,259.0,267.0
steel_378,Q235B,Q0CYXUI,GB/T 6060-2017,8,2500,5000,F6,2023-01-01,200002,Q7,2023-04-01,2500,5000,5,0,1,313.0,321.0
steel_379,Q235D,MZOA1RK,GB/T 5050-2018,18,2500,5000,F4,2023-01-01,300003,Q11,2023-07-01,2500,5000,5,1,0,251.0,269.0
steel_380,Q235B,S1LBNWS,GB/T 2025-2015,15,2500,5000,F6,2023-01-01,200002,Q4,2023-10-01,2500,5000,5,1,1,178.0,193.0
steel_381,Q245A,ZX876O0,GB/T 6060-2017,16,2500,5000,F1,2023-01-03,200002,Q1,2023-01-01,2500,5000,3,0,0,267.0,283.0
steel_382,Q245R(R-HIC),S1LBNWS,GB/T 1122-2021,18,2500,5000,F7,2023-01-01,300003,Q2,2023-01-01,2500,5000,5,0,1,321.0,339.0
steel_383,Q345C,XUOHVM1,GB/T 2025-2015,10,2500,5000,F6,2023-01-01,200002,Q4,2023-10-01,2500,5000,1,2,0,131.0,141.0
steel_384,Q345R(R-HIC),0P48PTI,GB/T 6060-2017,10,2500,5000,F5,2023-01-02,200002,Q10,2023-07-01,2500,5000,0,2,1,176.0,186.0
steel_385,Q345R(R-HIC),5FRBI23,GB/T 2025-2015,16,2500,5000,F2,2023-01-01,200002,Q10,2023-07-01,2500,5000,0,0,0,147.0,163.0
steel_386,Q245A,KVQZPCW,GB/T 5050-2018,20,2500,5000,F4,2023-01-02,200002,Q10,2023-07-01,2500,5000,5,0,1,339.0,359.0
steel_387,Q345B,5FRBI23,GB/T 1122-2021,18,2500,5000,F3,2023-01-01,300003,Q2,2023-01-01,2500,5000,1,0,2,127.0,145.0
steel_388,Q235C,WXJG952,GB/T 5050-2018,15,2500,5000,F4,2023-01-02,200002,Q1,2023-01-01,2500,5000,0,1,0,145.0,160.0
steel_389,Q235B,87X4DD2,GB/T 1122-2021,16,2500,5000,F8,2023-01-01,300003,Q5,2023-10-01,2500,5000,3,0,0,283.0,299.0
steel_390,Q235B,6X5GTA2,GB/T 4040-2019,10,2500,5000,F4,2023-01-02,200002,Q1,2023-01-01,2500,5000,0,1,2,116.0,126.0
steel_391,Q345B,EGZ369S,GB/T 6060-2017,8,2500,5000,F1,2023-01-03,200002,Q1,2023-01-01,2500,5000,3,1,0,341.0,349.0
steel_392,Q345B,5P5OJE5,GB/T 1122-2021,21,2500,5000,F7,2023-01-02,200002,Q7,2023-04-01,2500,5000,1,2,1,120.0,141.0
steel_393,Q245A,7HYE8DD,GB/T 5050-2018,10,2500,5000,F7,2023-01-02,200002,Q4,2023-10-01,2500,5000,5,0,0,310.0,320.0
steel_394,Q245A,M1UPZ3Y,GB/T 2025-2015,10,2500,5000,F2,2023-01-02,300003,Q5,2023-10-01,2500,5000,1,0,1,76.0,86.0
steel_395,Q345B,ZXN6F8S,GB/T 1122-2021,20,2500,5000,F6,2023-01-01,300003,Q5,2023-10-01,2500,5000,3,1,0,349.0,369.0
steel_396,Q345C,GAAGU24,GB/T 6060-2017,18,2500,5000,F1,2023-01-01,300003,Q11,2023-07-01,2500,5000,2,2,1,172.0,190.0
steel_397,Q245A,621MUFR,GB/T 1122-2021,20,2500,5000,F8,2023-01-01,500005,Q6,2023-10-01,2500,5000,1,1,1,176.0,196.0
steel_398,Q245R(R-HIC),BT04J6X,GB/T 3050-2020,10,2500,5000,F1,2023-01-03,200002,Q4,2023-10-01,2500,5000,5,0,1,359.0,369.0
steel_399,Q245A,IUIEMCP,GB/T 2025-2015,10,2500,5000,F4,2023-01-03,200002,Q1,2023-01-01,2500,5000,2,1,0,96.0,106.0
steel_400,Q235B,HPMHZJ4,GB/T 6060-2017,10,2500,5000,F1,2023-01-02,300003,Q8,2023-04-01,2500,5000,1,2,1,141.0,151.0
steel_401,Q245A,5P5OJE5,GB/T 6060-2017,10,2500,5000,F1,2023-01-03,500005,Q9,2023-04-01,2500,5000,3,0,0,299.0,309.0
steel_402,Q345C,GCRHTSK,GB/T 4040-2019,20,2500,5000,F2,2023-01-02,200002,Q10,2023-07-01,2500,5000,0,0,1,163.0,183.0
steel_403,Q345B,G538PC9,GB/T 5050-2018,21,2500,5000,F8,2023-01-02,300003,Q8,2023-04-01,2500,5000,1,0,2,145.0,166.0
steel_404,Q235B,KBCEYCI,GB/T 4040-2019,20,2500,5000,F4,2023-01-02,200002,Q7,2023-04-01,2500,5000,0,1,0,160.0,180.0
steel_405,Q245A,RA9VXLL,GB/T 6060-2017,21,2500,5000,F3,2023-01-03,200002,Q7,2023-04-01,2500,5000,0,1,1,104.0,125.0
steel_406,Q345C,7ZQ98XH,GB/T 2025-2015,16,2500,5000,F2,2023-01-01,300003,Q11,2023-07-01,2500,5000,4,0,1,305.0,321.0
steel_407,Q245R(R-HIC),NXITJH4,GB/T 1122-2021,20,2500,5000,F3,2023-01-03,300003,Q11,2023-07-01,2500,5000,4,1,0,152.0,172.0
steel_408,Q245A,TDOT4RG,GB/T 1122-2021,15,2500,5000,F2,2023-01-02,200002,Q10,2023-07-01,2500,5000,3,1,1,234.0,249.0
steel_409,Q345C,95IQ4Z7,GB/T 2025-2015,18,2500,5000,F7,2023-01-02,200002,Q4,2023-10-01,2500,5000,5,0,0,320.0,338.0
steel_410,Q245R(R-HIC),3W69200,GB/T 6060-2017,16,2500,5000,F5,2023-01-03,300003,Q2,2023-01-01,2500,5000,1,0,1,86.0,102.0
steel_411,Q345B,3WKN3HU,GB/T 1122-2021,10,2500,5000,F2,2023-01-02,200002,Q7,2023-04-01,2500,5000,4,1,0,172.0,182.0
steel_412,Q245A,P2ML9R2,GB/T 1122-2021,16,2500,5000,F6,2023-01-02,200002,Q4,2023-10-01,2500,5000,2,1,1,220.0,236.0
steel_413,Q245R(R-HIC),4LDID7Q,GB/T 1122-2021,25,2500,5000,F1,2023-01-03,300003,Q11,2023-07-01,2500,5000,3,0,0,309.0,334.0
steel_414,Q235B,J0ZR697,GB/T 5050-2018,10,2500,5000,F7,2023-01-03,200002,Q7,2023-04-01,2500,5000,4,0,1,321.0,331.0
steel_415,Q345B,MNGEAXH,GB/T 5050-2018,8,2500,5000,F8,2023-01-03,200002,Q7,2023-04-01,2500,5000,1,2,0,141.0,149.0
steel_416,Q235B,WXJG952,GB/T 3050-2020,16,2500,5000,F3,2023-01-02,500005,Q9,2023-04-01,2500,5000,3,1,1,249.0,265.0
steel_417,Q345R(R-HIC),5USN2VI,GB/T 4040-2019,21,2500,5000,F5,2023-01-02,300003,Q11,2023-07-01,2500,5000,2,1,0,106.0,127.0
steel_418,Q235D,KHE3W7A,GB/T 2025-2015,18,2500,5000,F5,2023-01-01,500005,Q9,2023-04-01,2500,5000,0,0,1,183.0,201.0
steel_419,Q245A,Z2JJXFC,GB/T 2025-2015,20,2500,5000,F2,2023-01-01,500005,Q12,2023-07-01,2500,5000,5,1,0,269.0,289.0
steel_420,Q245R(R-HIC),D258TC6,GB/T 2025-2015,10,2500,5000,F1,2023-01-03,500005,Q9,2023-04-01,2500,5000,1,1,0,178.0,188.0
steel_421,Q235D,N74PCTP,GB/T 3050-2020,18,2500,5000,F8,2023-01-01,200002,Q7,2023-04-01,2500,5000,4,0,0,203.0,221.0
steel_422,Q235D,RVTOQZG,GB/T 5050-2018,15,2500,5000,F6,2023-01-02,200002,Q10,2023-07-01,2500,5000,1,1,2,108.0,123.0
steel_423,Q245R(R-HIC),8RXJ5IT,GB/T 6060-2017,21,2500,5000,F8,2023-01-01,500005,Q3,2023-01-01,2500,5000,5,1,0,289.0,310.0
steel_424,Q345B,3HEYBFO,GB/T 6060-2017,18,2500,5000,F1,2023-01-02,500005,Q3,2023-01-01,2500,5000,1,2,1,151.0,169.0
steel_425,Q245A,F5SGWDY,GB/T 3050-2020,10,2500,5000,F6,2023-01-03,500005,Q3,2023-01-01,2500,5000,0,0,0,163.0,173.0
steel_426,Q345R(R-HIC),3MBJKIE,GB/T 6060-2017,8,2500,5000,F8,2023-01-03,200002,Q1,2023-01-01,2500,5000,1,0,1,102.0,110.0
steel_427,Q235B,FJO3YY7,GB/T 2025-2015,8,2500,5000,F6,2023-01-02,500005,Q12,2023-07-01,2500,5000,0,0,2,259.0,267.0
steel_428,Q345C,MTTD9XI,GB/T 4040-2019,15,2500,5000,F2,2023-01-01,500005,Q6,2023-10-01,2500,5000,2,0,1,126.0,141.0
steel_429,Q235B,5P5OJE5,GB/T 1122-2021,10,2500,5000,F2,2023-01-03,300003,Q8,2023-04-01,2500,5000,4,0,0,221.0,231.0
steel_430,Q345C,Y4WDXCG,GB/T 5050-2018,20,2500,5000,F1,2023-01-03,300003,Q11,2023-07-01,2500,5000,2,1,1,236.0,256.0
steel_431,Q235B,KHE3W7A,GB/T 5050-2018,16,2500,5000,F1,2023-01-01,200002,Q10,2023-07-01,2500,5000,1,2,0,149.0,165.0
steel_432,Q245R(R-HIC),5BQX6VN,GB/T 3050-2020,10,2500,5000,F6,2023-01-01,300003,Q11,2023-07-01,2500,5000,1,2,1,169.0,179.0
steel_433,Q345R(R-HIC),RA9VXLL,GB/T 5050-2018,8,2500,5000,F4,2023-01-02,300003,Q2,2023-01-01,2500,5000,3,0,0,334.0,342.0
steel_434,Q245A,MZOA1RK,GB/T 2025-2015,8,2500,5000,F7,2023-01-01,300003,Q5,2023-10-01,2500,5000,5,0,1,369.0,377.0
steel_435,Q345C,FA1K4WR,GB/T 6060-2017,21,2500,5000,F5,2023-01-01,200002,Q4,2023-10-01,2500,5000,4,1,0,182.0,203.0
steel_436,Q245A,BRM0WHW,GB/T 2025-2015,10,2500,5000,F8,2023-01-01,300003,Q2,2023-01-01,2500,5000,1,1,0,188.0,198.0
steel_437,Q245A,QRL62Q2,GB/T 3050-2020,20,2500,5000,F8,2023-01-02,200002,Q7,2023-04-01,2500,5000,3,0,0,342.0,362.0
steel_438,Q245A,CQU1C4C,GB/T 2025-2015,21,2500,5000,F4,2023-01-02,500005,Q6,2023-10-01,2500,5000,3,0,1,165.0,186.0
steel_439,Q235C,QDJJL28,GB/T 6060-2017,18,2500,5000,F4,2023-01-03,300003,Q11,2023-07-01,2500,5000,2,0,0,129.0,147.0
steel_440,Q345B,D258TC6,GB/T 4040-2019,21,2500,5000,F4,2023-01-02,200002,Q10,2023-07-01,2500,5000,2,0,1,141.0,162.0
steel_441,Q235B,R7XVLZO,GB/T 3050-2020,16,2500,5000,F3,2023-01-03,300003,Q5,2023-10-01,2500,5000,5,0,0,338.0,354.0
steel_442,Q245A,3HEYBFO,GB/T 4040-2019,25,2500,5000,F3,2023-01-01,500005,Q3,2023-01-01,2500,5000,3,0,1,186.0,211.0
steel_443,Q235B,RVTOQZG,GB/T 1122-2021,8,2500,5000,F6,2023-01-03,200002,Q7,2023-04-01,2500,5000,5,1,0,310.0,318.0
steel_444,Q245A,Z54FGX4,GB/T 4040-2019,8,2500,5000,F3,2023-01-03,200002,Q10,2023-07-01,2500,5000,3,1,1,265.0,273.0
steel_445,Q345C,J0ZR697,GB/T 1122-2021,20,2500,5000,F2,2023-01-01,200002,Q10,2023-07-01,2500,5000,2,0,0,147.0,167.0
steel_446,Q345B,28F5IXF,GB/T 1122-2021,25,2500,5000,F2,2023-01-03,500005,Q9,2023-04-01,2500,5000,3,0,1,211.0,236.0
steel_447,Q345B,CCY29L2,GB/T 4040-2019,21,2500,5000,F1,2023-01-02,500005,Q12,2023-07-01,2500,5000,2,1,0,127.0,148.0
steel_448,Q245R(R-HIC),4LDID7Q,GB/T 3050-2020,8,2500,5000,F5,2023-01-02,500005,Q12,2023-07-01,2500,5000,5,1,1,193.0,201.0
steel_449,Q235C,8EGBJL9,GB/T 6060-2017,10,2500,5000,F6,2023-01-02,200002,Q7,2023-04-01,2500,5000,0,0,0,173.0,183.0
steel_450,Q245R(R-HIC),CXWNNG5,GB/T 2025-2015,25,2500,5000,F5,2023-01-02,500005,Q3,2023-01-01,2500,5000,1,0,1,110.0,135.0
steel_451,Q245R(R-HIC),2IX13U8,GB/T 2025-2015,10,2500,5000,F8,2023-01-03,300003,Q11,2023-07-01,2500,5000,3,1,0,369.0,379.0
steel_452,Q245R(R-HIC),OMYQBHG,GB/T 6060-2017,21,2500,5000,F7,2023-01-03,500005,Q6,2023-10-01,2500,5000,5,1,1,201.0,222.0
steel_453,Q245R(R-HIC),Z54FGX4,GB/T 1122-2021,21,2500,5000,F1,2023-01-01,200002,Q1,2023-01-01,2500,5000,5,0,0,354.0,375.0
steel_454,Q245R(R-HIC),CRX5AQ8,GB/T 1122-2021,16,2500,5000,F8,2023-01-03,300003,Q5,2023-10-01,2500,5000,4,0,1,331.0,347.0
steel_455,Q345R(R-HIC),3HEYBFO,GB/T 3050-2020,16,2500,5000,F8,2023-01-03,500005,Q9,2023-04-01,2500,5000,4,1,0,203.0,219.0
steel_456,Q345B,8CZMUEA,GB/T 5050-2018,16,2500,5000,F6,2023-01-03,300003,Q11,2023-07-01,2500,5000,4,1,1,282.0,298.0
steel_457,Q245R(R-HIC),TDZF6LU,GB/T 4040-2019,10,2500,5000,F4,2023-01-01,300003,Q8,2023-04-01,2500,5000,4,0,0,231.0,241.0
steel_458,Q245A,UJVZH9X,GB/T 1122-2021,25,2500,5000,F4,2023-01-02,200002,Q7,2023-04-01,2500,5000,1,0,1,135.0,160.0
steel_459,Q345B,8YVXEKN,GB/T 2025-2015,16,2500,5000,F5,2023-01-03,300003,Q2,2023-01-01,2500,5000,2,1,0,148.0,164.0
steel_460,Q345B,DIKDCW1,GB/T 3050-2020,25,2500,5000,F1,2023-01-01,300003,Q2,2023-01-01,2500,5000,0,1,0,180.0,205.0
steel_461,Q235D,YIJ5EPJ,GB/T 4040-2019,8,2500,5000,F4,2023-01-01,200002,Q1,2023-01-01,2500,5000,4,0,0,241.0,249.0
steel_462,Q345R(R-HIC),3MBJKIE,GB/T 3050-2020,25,2500,5000,F8,2023-01-01,200002,Q10,2023-07-01,2500,5000,0,1,2,126.0,151.0
steel_463,Q245R(R-HIC),8RXJ5IT,GB/T 4040-2019,16,2500,5000,F4,2023-01-02,200002,Q4,2023-10-01,2500,5000,5,1,0,318.0,334.0
steel_464,Q235B,VEC3GU5,GB/T 4040-2019,8,2500,5000,F3,2023-01-03,300003,Q5,2023-10-01,2500,5000,4,1,1,298.0,306.0
steel_465,Q345C,LG941RX,GB/T 6060-2017,8,2500,5000,F4,2023-01-01,300003,Q8,2023-04-01,2500,5000,4,0,0,249.0,257.0
steel_466,Q235C,BTHJIKU,GB/T 1122-2021,20,2500,5000,F8,2023-01-02,300003,Q8,2023-04-01,2500,5000,1,0,1,160.0,180.0
steel_467,Q245A,S72FQGP,GB/T 3050-2020,20,2500,5000,F5,2023-01-01,200002,Q1,2023-01-01,2500,5000,0,0,2,267.0,287.0
steel_468,Q235B,HC01IZP,GB/T 3050-2020,21,2500,5000,F6,2023-01-01,500005,Q9,2023-04-01,2500,5000,2,2,1,190.0,211.0
steel_469,Q345R(R-HIC),QWEFIIX,GB/T 6060-2017,8,2500,5000,F1,2023-01-01,300003,Q8,2023-04-01,2500,5000,3,0,0,362.0,370.0
steel_470,Q345C,8CZMUEA,GB/T 2025-2015,8,2500,5000,F7,2023-01-01,500005,Q9,2023-04-01,2500,5000,1,1,2,123.0,131.0
steel_471,Q345R(R-HIC),RIYO0RL,GB/T 2025-2015,16,2500,5000,F4,2023-01-01,200002,Q4,2023-10-01,2500,5000,3,1,0,379.0,395.0
steel_472,Q245A,UEA5MQ2,GB/T 1122-2021,16,2500,5000,F2,2023-01-02,300003,Q5,2023-10-01,2500,5000,1,2,1,179.0,195.0
steel_473,Q345B,B94WQ6E,GB/T 1122-2021,16,2500,5000,F2,2023-01-03,500005,Q9,2023-04-01,2500,5000,1,0,0,70.0,86.0
steel_474,Q345C,U2AOHRV,GB/T 5050-2018,25,2500,5000,F5,2023-01-03,300003,Q8,2023-04-01,2500,5000,1,0,1,180.0,205.0
steel_475,Q345B,0MVYTA0,GB/T 6060-2017,25,2500,5000,F8,2023-01-03,300003,Q11,2023-07-01,2500,5000,4,1,0,219.0,244.0
steel_476,Q245A,28F5IXF,GB/T 2025-2015,25,2500,5000,F7,2023-01-03,300003,Q8,2023-04-01,2500,5000,3,1,1,273.0,298.0
steel_477,Q235B,YHR7IB4,GB/T 4040-2019,21,2500,5000,F7,2023-01-02,500005,Q12,2023-07-01,2500,5000,3,0,0,370.0,391.0
steel_478,Q245A,4K4TR0M,GB/T 3050-2020,15,2500,5000,F3,2023-01-02,200002,Q4,2023-10-01,2500,5000,5,0,1,377.0,392.0
steel_479,Q235B,OYJ1KIP,GB/T 1122-2021,16,2500,5000,F7,2023-01-02,300003,Q5,2023-10-01,2500,5000,1,2,0,165.0,181.0
steel_480,Q345C,AJK6SED,GB/T 3050-2020,18,2500,5000,F2,2023-01-01,200002,Q4,2023-10-01,2500,5000,0,2,1,186.0,204.0
steel_481,Q345C,10HIHO7,GB/T 3050-2020,21,2500,5000,F6,2023-01-01,200002,Q4,2023-10-01,2500,5000,5,0,0,375.0,396.0
steel_482,Q245R(R-HIC),D373K6W,GB/T 5050-2018,8,2500,5000,F8,2023-01-01,500005,Q6,2023-10-01,2500,5000,4,0,1,347.0,355.0
steel_483,Q345R(R-HIC),J0ZR697,GB/T 2025-2015,16,2500,5000,F8,2023-01-03,500005,Q6,2023-10-01,2500,5000,1,0,2,166.0,182.0
steel_484,Q245R(R-HIC),UILQU2Z,GB/T 1122-2021,8,2500,5000,F4,2023-01-01,200002,Q10,2023-07-01,2500,5000,2,1,1,256.0,264.0
steel_485,Q345R(R-HIC),C9ZB19I,GB/T 3050-2020,18,2500,5000,F4,2023-01-03,300003,Q8,2023-04-01,2500,5000,4,0,0,257.0,275.0
steel_486,Q245R(R-HIC),0P48PTI,GB/T 1122-2021,25,2500,5000,F4,2023-01-01,500005,Q3,2023-01-01,2500,5000,3,0,1,236.0,261.0
steel_487,Q345B,CWGB0TK,GB/T 4040-2019,21,2500,5000,F2,2023-01-03,300003,Q8,2023-04-01,2500,5000,4,1,0,244.0,265.0
steel_488,Q345C,UY71YNR,GB/T 5050-2018,10,2500,5000,F2,2023-01-01,300003,Q5,2023-10-01,2500,5000,3,1,1,298.0,308.0
steel_489,Q235B,X2ATOY2,GB/T 4040-2019,25,2500,5000,F5,2023-01-01,300003,Q11,2023-07-01,2500,5000,1,0,0,86.0,111.0
steel_490,Q345R(R-HIC),0P48PTI,GB/T 1122-2021,20,2500,5000,F2,2023-01-02,200002,Q1,2023-01-01,2500,5000,3,0,1,261.0,281.0
steel_491,Q245A,FHYBE1H,GB/T 1122-2021,8,2500,5000,F2,2023-01-01,300003,Q2,2023-01-01,2500,5000,0,0,2,287.0,295.0
steel_492,Q345R(R-HIC),KTQMRXF,GB/T 2025-2015,10,2500,5000,F2,2023-01-01,200002,Q4,2023-10-01,2500,5000,5,1,1,222.0,232.0
steel_493,Q235B,KQNQ0LM,GB/T 3050-2020,10,2500,5000,F2,2023-01-02,200002,Q4,2023-10-01,2500,5000,3,0,0,391.0,401.0
steel_494,Q245R(R-HIC),NXITJH4,GB/T 3050-2020,8,2500,5000,F6,2023-01-03,300003,Q2,2023-01-01,2500,5000,0,1,2,151.0,159.0
steel_495,Q345R(R-HIC),2IX13U8,GB/T 4040-2019,25,2500,5000,F2,2023-01-02,300003,Q5,2023-10-01,2500,5000,1,2,0,181.0,206.0
steel_496,Q235C,H60UCIF,GB/T 5050-2018,16,2500,5000,F5,2023-01-02,300003,Q8,2023-04-01,2500,5000,2,1,1,264.0,280.0
steel_497,Q345B,8YVXEKN,GB/T 6060-2017,25,2500,5000,F7,2023-01-03,300003,Q2,2023-01-01,2500,5000,1,0,0,111.0,136.0
steel_498,Q345C,JGW5Z76,GB/T 3050-2020,15,2500,5000,F7,2023-01-01,200002,Q1,2023-01-01,2500,5000,3,0,1,281.0,296.0
steel_499,Q235B,8YVXEKN,GB/T 2025-2015,8,2500,5000,F3,2023-01-03,300003,Q5,2023-10-01,2500,5000,3,1,0,395.0,403.0
steel_500,Q345C,RVTOQZG,GB/T 4040-2019,16,2500,5000,F6,2023-01-01,300003,Q5,2023-10-01,2500,5000,4,1,1,306.0,322.0
steel_501,Q235C,3WKN3HU,GB/T 4040-2019,8,2500,5000,F4,2023-01-01,200002,Q10,2023-07-01,2500,5000,4,0,0,275.0,283.0
steel_502,Q345R(R-HIC),8YVXEKN,GB/T 6060-2017,16,2500,5000,F1,2023-01-03,500005,Q12,2023-07-01,2500,5000,4,0,1,355.0,371.0
steel_503,Q345R(R-HIC),MZOA1RK,GB/T 2025-2015,25,2500,5000,F2,2023-01-02,500005,Q12,2023-07-01,2500,5000,0,2,0,86.0,111.0
steel_504,Q245A,6WDQ0K6,GB/T 5050-2018,18,2500,5000,F3,2023-01-03,200002,Q1,2023-01-01,2500,5000,1,2,1,195.0,213.0
steel_505,Q235C,FA1K4WR,GB/T 2025-2015,18,2500,5000,F1,2023-01-01,500005,Q9,2023-04-01,2500,5000,3,0,0,401.0,419.0
steel_506,Q235B,VANO5B8,GB/T 5050-2018,10,2500,5000,F5,2023-01-03,200002,Q10,2023-07-01,2500,5000,2,0,1,162.0,172.0
steel_507,Q245A,VOV2BEQ,GB/T 2025-2015,8,2500,5000,F7,2023-01-03,300003,Q5,2023-10-01,2500,5000,4,1,0,265.0,273.0
steel_508,Q345B,3TJ2JZ4,GB/T 2025-2015,8,2500,5000,F3,2023-01-01,300003,Q8,2023-04-01,2500,5000,1,1,0,198.0,206.0
steel_509,Q245A,R60ELEK,GB/T 1122-2021,18,2500,5000,F5,2023-01-02,500005,Q9,2023-04-01,2500,5000,4,0,0,283.0,301.0
steel_510,Q235D,72KYO7Z,GB/T 4040-2019,8,2500,5000,F3,2023-01-03,300003,Q2,2023-01-01,2500,5000,1,1,2,131.0,139.0
steel_511,Q235B,YKSG0LB,GB/T 2025-2015,15,2500,5000,F8,2023-01-01,500005,Q3,2023-01-01,2500,5000,4,1,0,273.0,288.0
steel_512,Q235D,CQU1C4C,GB/T 6060-2017,18,2500,5000,F5,2023-01-01,500005,Q12,2023-07-01,2500,5000,3,1,1,308.0,326.0
steel_513,Q235C,KHE3W7A,GB/T 2025-2015,16,2500,5000,F7,2023-01-03,300003,Q11,2023-07-01,2500,5000,2,1,0,164.0,180.0
steel_514,Q245R(R-HIC),O6P1SOD,GB/T 3050-2020,10,2500,5000,F7,2023-01-02,300003,Q8,2023-04-01,2500,5000,0,0,1,201.0,211.0
steel_515,Q235D,PWR6GA7,GB/T 4040-2019,10,2500,5000,F6,2023-01-03,500005,Q3,2023-01-01,2500,5000,0,0,2,295.0,305.0
steel_516,Q345B,CRX5AQ8,GB/T 3050-2020,25,2500,5000,F3,2023-01-02,300003,Q11,2023-07-01,2500,5000,1,1,0,206.0,231.0
steel_517,Q245A,XUOHVM1,GB/T 4040-2019,20,2500,5000,F2,2023-01-02,200002,Q10,2023-07-01,2500,5000,3,0,0,419.0,439.0
steel_518,Q245R(R-HIC),MFVA0DI,GB/T 3050-2020,16,2500,5000,F7,2023-01-02,300003,Q5,2023-10-01,2500,5000,2,0,1,172.0,188.0
steel_519,Q245A,2IX13U8,GB/T 2025-2015,8,2500,5000,F3,2023-01-02,300003,Q5,2023-10-01,2500,5000,5,1,0,334.0,342.0
steel_520,Q235D,N9CF1ZI,GB/T 2025-2015,25,2500,5000,F6,2023-01-03,200002,Q4,2023-10-01,2500,5000,4,1,1,322.0,347.0
steel_521,Q245A,0MVYTA0,GB/T 1122-2021,20,2500,5000,F2,2023-01-01,300003,Q8,2023-04-01,2500,5000,5,0,0,396.0,416.0
steel_522,Q235C,N74PCTP,GB/T 6060-2017,15,2500,5000,F5,2023-01-01,300003,Q5,2023-10-01,2500,5000,5,0,1,392.0,407.0
steel_523,Q245R(R-HIC),XN9SJHS,GB/T 3050-2020,25,2500,5000,F6,2023-01-01,500005,Q9,2023-04-01,2500,5000,1,0,2,182.0,207.0
steel_524,Q235C,0QN1TJ2,GB/T 5050-2018,10,2500,5000,F8,2023-01-01,300003,Q2,2023-01-01,2500,5000,0,1,0,205.0,215.0
steel_525,Q235D,UISISWY,GB/T 1122-2021,18,2500,5000,F2,2023-01-01,300003,Q2,2023-01-01,2500,5000,1,1,1,196.0,214.0
steel_526,Q235C,GAAGU24,GB/T 3050-2020,20,2500,5000,F3,2023-01-01,200002,Q10,2023-07-01,2500,5000,2,1,1,280.0,300.0
steel_527,Q345B,N9CF1ZI,GB/T 3050-2020,10,2500,5000,F7,2023-01-03,500005,Q6,2023-10-01,2500,5000,5,1,0,342.0,352.0
steel_528,Q235D,KBCEYCI,GB/T 1122-2021,25,2500,5000,F7,2023-01-02,500005,Q3,2023-01-01,2500,5000,0,2,1,204.0,229.0
steel_529,Q235D,H3QO1NG,GB/T 2025-2015,20,2500,5000,F3,2023-01-01,500005,Q3,2023-01-01,2500,5000,5,0,0,416.0,436.0
steel_530,Q235D,18L9LKP,GB/T 3050-2020,18,2500,5000,F3,2023-01-03,300003,Q2,2023-01-01,2500,5000,5,0,1,407.0,425.0
steel_531,Q235B,87STL9J,GB/T 2025-2015,10,2500,5000,F3,2023-01-01,500005,Q9,2023-04-01,2500,5000,1,0,2,207.0,217.0
steel_532,Q245A,F5SGWDY,GB/T 1122-2021,8,2500,5000,F4,2023-01-01,200002,Q7,2023-04-01,2500,5000,1,1,0,231.0,239.0
steel_533,Q235B,LQN79VT,GB/T 2025-2015,15,2500,5000,F2,2023-01-02,500005,Q9,2023-04-01,2500,5000,3,0,0,439.0,454.0
steel_534,Q235B,Q4IJWB6,GB/T 4040-2019,20,2500,5000,F7,2023-01-02,200002,Q10,2023-07-01,2500,5000,0,1,2,159.0,179.0
steel_535,Q345B,X4B4V36,GB/T 5050-2018,10,2500,5000,F2,2023-01-02,500005,Q6,2023-10-01,2500,5000,1,2,0,206.0,216.0
steel_536,Q245R(R-HIC),F5SGWDY,GB/T 3050-2020,18,2500,5000,F6,2023-01-01,500005,Q9,2023-04-01,2500,5000,2,0,1,188.0,206.0
steel_537,Q245A,7SM6KVU,GB/T 6060-2017,20,2500,5000,F7,2023-01-01,200002,Q7,2023-04-01,2500,5000,1,0,0,136.0,156.0
steel_538,Q235C,SHL66DZ,GB/T 5050-2018,8,2500,5000,F4,2023-01-01,500005,Q12,2023-07-01,2500,5000,3,0,1,296.0,304.0
steel_539,Q345R(R-HIC),NPTQH1M,GB/T 2025-2015,20,2500,5000,F3,2023-01-02,500005,Q12,2023-07-01,2500,5000,0,0,2,305.0,325.0
steel_540,Q235D,DUW3AU4,GB/T 3050-2020,8,2500,5000,F8,2023-01-03,500005,Q12,2023-07-01,2500,5000,3,1,1,326.0,334.0
steel_541,Q235C,H3QO1NG,GB/T 2025-2015,25,2500,5000,F3,2023-01-01,300003,Q5,2023-10-01,2500,5000,5,0,0,436.0,461.0
steel_542,Q235D,8YCRZ0U,GB/T 4040-2019,16,2500,5000,F5,2023-01-01,200002,Q4,2023-10-01,2500,5000,5,0,1,425.0,441.0
steel_543,Q345B,979YRZV,GB/T 1122-2021,10,2500,5000,F3,2023-01-01,500005,Q12,2023-07-01,2500,5000,5,1,0,352.0,362.0
steel_544,Q235D,RA3VNVC,GB/T 3050-2020,15,2500,5000,F4,2023-01-03,200002,Q7,2023-04-01,2500,5000,3,1,1,334.0,349.0
steel_545,Q235B,V9NRN6N,GB/T 4040-2019,16,2500,5000,F2,2023-01-01,200002,Q1,2023-01-01,2500,5000,1,0,0,156.0,172.0
steel_546,Q245A,0MVYTA0,GB/T 4040-2019,20,2500,5000,F7,2023-01-03,200002,Q7,2023-04-01,2500,5000,5,0,1,441.0,461.0
steel_547,Q345R(R-HIC),5BQX6VN,GB/T 3050-2020,20,2500,5000,F3,2023-01-01,500005,Q6,2023-10-01,2500,5000,3,1,0,403.0,423.0
steel_548,Q345C,SHL66DZ,GB/T 2025-2015,18,2500,5000,F7,2023-01-03,500005,Q3,2023-01-01,2500,5000,4,1,1,347.0,365.0
steel_549,Q235D,Y919H41,GB/T 6060-2017,8,2500,5000,F1,2023-01-01,200002,Q1,2023-01-01,2500,5000,5,0,0,461.0,469.0
steel_550,Q235C,YKSG0LB,GB/T 4040-2019,10,2500,5000,F6,2023-01-02,300003,Q5,2023-10-01,2500,5000,1,1,2,139.0,149.0
steel_551,Q235B,8IQWCMR,GB/T 5050-2018,8,2500,5000,F2,2023-01-02,200002,Q1,2023-01-01,2500,5000,4,1,0,288.0,296.0
steel_552,Q345C,X2ATOY2,GB/T 4040-2019,18,2500,5000,F7,2023-01-02,300003,Q2,2023-01-01,2500,5000,2,2,1,211.0,229.0
steel_553,Q345R(R-HIC),91N3B13,GB/T 6060-2017,25,2500,5000,F8,2023-01-02,200002,Q10,2023-07-01,2500,5000,4,0,0,301.0,326.0
steel_554,Q345C,LQN79VT,GB/T 2025-2015,16,2500,5000,F6,2023-01-01,200002,Q4,2023-10-01,2500,5000,1,0,1,205.0,221.0
steel_555,Q235B,87STL9J,GB/T 2025-2015,10,2500,5000,F5,2023-01-02,200002,Q1,2023-01-01,2500,5000,1,0,2,217.0,227.0
steel_556,Q245A,P4HCFYR,GB/T 5050-2018,18,2500,5000,F5,2023-01-03,500005,Q12,2023-07-01,2500,5000,0,1,0,215.0,233.0
steel_557,Q245A,0R5F5QR,GB/T 4040-2019,21,2500,5000,F8,2023-01-02,300003,Q11,2023-07-01,2500,5000,3,0,0,454.0,475.0
steel_558,Q245R(R-HIC),SS5F6F1,GB/T 2025-2015,20,2500,5000,F3,2023-01-02,300003,Q5,2023-10-01,2500,5000,5,0,1,461.0,481.0
steel_559,Q245A,FA1K4WR,GB/T 6060-2017,25,2500,5000,F6,2023-01-02,200002,Q7,2023-04-01,2500,5000,4,1,0,296.0,321.0
steel_560,Q245R(R-HIC),F5SGWDY,GB/T 3050-2020,10,2500,5000,F7,2023-01-01,500005,Q3,2023-01-01,2500,5000,2,0,1,206.0,216.0
steel_561,Q345C,V9JRFBM,GB/T 1122-2021,10,2500,5000,F6,2023-01-02,500005,Q3,2023-01-01,2500,5000,1,0,0,172.0,182.0
steel_562,Q345B,4QD4SBI,GB/T 1122-2021,25,2500,5000,F3,2023-01-03,300003,Q8,2023-04-01,2500,5000,2,1,1,300.0,325.0
steel_563,Q235C,D4YLR31,GB/T 1122-2021,20,2500,5000,F4,2023-01-02,500005,Q6,2023-10-01,2500,5000,2,2,0,214.0,234.0
steel_564,Q235C,X4B4V36,GB/T 4040-2019,15,2500,5000,F2,2023-01-02,300003,Q8,2023-04-01,2500,5000,5,1,1,232.0,247.0
steel_565,Q345C,OYJ1KIP,GB/T 5050-2018,20,2500,5000,F8,2023-01-02,300003,Q8,2023-04-01,2500,5000,4,0,0,326.0,346.0
steel_566,Q235D,3KX4URW,GB/T 2025-2015,21,2500,5000,F3,2023-01-03,300003,Q5,2023-10-01,2500,5000,4,0,1,371.0,392.0
steel_567,Q235D,P4HCFYR,GB/T 3050-2020,18,2500,5000,F4,2023-01-02,500005,Q9,2023-04-01,2500,5000,0,2,0,111.0,129.0
steel_568,Q245A,DIKE2AD,GB/T 6060-2017,20,2500,5000,F6,2023-01-03,300003,Q11,2023-07-01,2500,5000,2,1,1,325.0,345.0
steel_569,Q235C,B04H2H3,GB/T 3050-2020,15,2500,5000,F6,2023-01-03,300003,Q8,2023-04-01,2500,5000,3,0,0,475.0,490.0
steel_570,Q235C,KHE3W7A,GB/T 6060-2017,18,2500,5000,F3,2023-01-02,200002,Q4,2023-10-01,2500,5000,0,0,1,211.0,229.0
steel_571,Q245R(R-HIC),D4YLR31,GB/T 4040-2019,18,2500,5000,F7,2023-01-03,300003,Q11,2023-07-01,2500,5000,0,0,2,325.0,343.0
steel_572,Q345B,C88GXCR,GB/T 1122-2021,21,2500,5000,F6,2023-01-01,300003,Q11,2023-07-01,2500,5000,5,1,1,247.0,268.0
steel_573,Q235B,C9ZB19I,GB/T 4040-2019,21,2500,5000,F7,2023-01-02,200002,Q4,2023-10-01,2500,5000,4,0,0,346.0,367.0
steel_574,Q235D,7ZQ98XH,GB/T 5050-2018,21,2500,5000,F7,2023-01-02,200002,Q10,2023-07-01,2500,5000,3,0,1,304.0,325.0
steel_575,Q235C,KBCEYCI,GB/T 5050-2018,8,2500,5000,F2,2023-01-03,500005,Q3,2023-01-01,2500,5000,4,1,0,321.0,329.0
steel_576,Q245R(R-HIC),OMYQBHG,GB/T 6060-2017,20,2500,5000,F7,2023-01-03,300003,Q11,2023-07-01,2500,5000,1,2,1,213.0,233.0
steel_577,Q345R(R-HIC),SS5F6F1,GB/T 2025-2015,20,2500,5000,F1,2023-01-02,500005,Q9,2023-04-01,2500,5000,3,0,0,490.0,510.0
steel_578,Q245R(R-HIC),FHYBE1H,GB/T 2025-2015,20,2500,5000,F2,2023-01-01,500005,Q9,2023-04-01,2500,5000,2,0,1,216.0,236.0
steel_579,Q235D,Z2OJP25,GB/T 6060-2017,20,2500,5000,F4,2023-01-03,200002,Q7,2023-04-01,2500,5000,1,0,2,227.0,247.0
steel_580,Q235D,X2ATOY2,GB/T 5050-2018,21,2500,5000,F4,2023-01-03,500005,Q3,2023-01-01,2500,5000,1,1,0,239.0,260.0
steel_581,Q245R(R-HIC),7IX24X6,GB/T 5050-2018,16,2500,5000,F6,2023-01-01,300003,Q2,2023-01-01,2500,5000,3,0,0,510.0,526.0
steel_582,Q235B,SECBIFE,GB/T 5050-2018,16,2500,5000,F6,2023-01-01,200002,Q7,2023-04-01,2500,5000,5,0,1,481.0,497.0
steel_583,Q345C,FA1K4WR,GB/T 4040-2019,8,2500,5000,F7,2023-01-02,300003,Q8,2023-04-01,2500,5000,3,1,0,423.0,431.0
steel_584,Q235D,3A1RRGN,GB/T 5050-2018,16,2500,5000,F2,2023-01-01,300003,Q2,2023-01-01,2500,5000,4,1,1,365.0,381.0
steel_585,Q245R(R-HIC),D258TC6,GB/T 3050-2020,20,2500,5000,F2,2023-01-02,200002,Q7,2023-04-01,2500,5000,4,0,0,367.0,387.0
steel_586,Q235C,RA9VXLL,GB/T 1122-2021,21,2500,5000,F1,2023-01-01,300003,Q2,2023-01-01,2500,5000,3,0,1,325.0,346.0
steel_587,Q245R(R-HIC),95IQ4Z7,GB/T 5050-2018,10,2500,5000,F7,2023-01-03,200002,Q10,2023-07-01,2500,5000,3,1,0,431.0,441.0
steel_588,Q345B,YQF68EE,GB/T 6060-2017,8,2500,5000,F1,2023-01-02,300003,Q11,2023-07-01,2500,5000,0,1,0,233.0,241.0
steel_589,Q345C,O6P1SOD,GB/T 1122-2021,20,2500,5000,F5,2023-01-02,200002,Q7,2023-04-01,2500,5000,4,0,0,387.0,407.0
steel_590,Q345R(R-HIC),HC01IZP,GB/T 4040-2019,8,2500,5000,F7,2023-01-02,500005,Q6,2023-10-01,2500,5000,2,0,1,236.0,244.0
steel_591,Q235B,6E4XD2W,GB/T 6060-2017,10,2500,5000,F8,2023-01-01,300003,Q2,2023-01-01,2500,5000,1,2,0,216.0,226.0
steel_592,Q245A,UILQU2Z,GB/T 1122-2021,8,2500,5000,F8,2023-01-03,200002,Q4,2023-10-01,2500,5000,3,1,1,349.0,357.0
steel_593,Q345R(R-HIC),QKZDI4E,GB/T 6060-2017,10,2500,5000,F3,2023-01-02,300003,Q8,2023-04-01,2500,5000,2,2,0,234.0,244.0
steel_594,Q345C,E0QBYRP,GB/T 4040-2019,10,2500,5000,F7,2023-01-02,300003,Q2,2023-01-01,2500,5000,3,0,1,346.0,356.0
steel_595,Q345C,7L4C3CK,GB/T 3050-2020,16,2500,5000,F2,2023-01-02,300003,Q5,2023-10-01,2500,5000,2,0,0,167.0,183.0
steel_596,Q345C,K5POY1K,GB/T 4040-2019,16,2500,5000,F6,2023-01-02,200002,Q10,2023-07-01,2500,5000,4,1,1,381.0,397.0
steel_597,Q345R(R-HIC),UJVZH9X,GB/T 4040-2019,25,2500,5000,F4,2023-01-03,500005,Q9,2023-04-01,2500,5000,0,1,1,125.0,150.0
steel_598,Q235C,SLFOJTB,GB/T 6060-2017,18,2500,5000,F3,2023-01-01,500005,Q3,2023-01-01,2500,5000,0,1,2,179.0,197.0
steel_599,Q345C,0R5F5QR,GB/T 2025-2015,20,2500,5000,F6,2023-01-03,500005,Q3,2023-01-01,2500,5000,0,2,0,129.0,149.0
steel_600,Q245R(R-HIC),EGZ369S,GB/T 5050-2018,8,2500,5000,F8,2023-01-02,200002,Q7,2023-04-01,2500,5000,2,2,1,229.0,237.0
steel_601,Q345R(R-HIC),V9JRFBM,GB/T 5050-2018,10,2500,5000,F7,2023-01-03,500005,Q12,2023-07-01,2500,5000,0,0,0,183.0,193.0
steel_602,Q245A,8SB016D,GB/T 3050-2020,20,2500,5000,F3,2023-01-02,200002,Q1,2023-01-01,2500,5000,2,0,1,244.0,264.0
steel_603,Q345C,621MUFR,GB/T 3050-2020,8,2500,5000,F7,2023-01-01,300003,Q2,2023-01-01,2500,5000,5,1,0,362.0,370.0
steel_604,Q245R(R-HIC),DIKDCW1,GB/T 5050-2018,16,2500,5000,F8,2023-01-01,300003,Q8,2023-04-01,2500,5000,4,1,1,397.0,413.0
steel_605,Q235C,KTQMRXF,GB/T 2025-2015,18,2500,5000,F3,2023-01-01,500005,Q3,2023-01-01,2500,5000,5,0,0,469.0,487.0
steel_606,Q345B,88FN82V,GB/T 5050-2018,18,2500,5000,F8,2023-01-02,200002,Q10,2023-07-01,2500,5000,2,2,1,237.0,255.0
steel_607,Q235C,CXWNNG5,GB/T 2025-2015,8,2500,5000,F1,2023-01-03,300003,Q5,2023-10-01,2500,5000,3,1,0,441.0,449.0
steel_608,Q245A,UY71YNR,GB/T 3050-2020,15,2500,5000,F8,2023-01-01,200002,Q7,2023-04-01,2500,5000,2,0,1,264.0,279.0
steel_609,Q345C,6WDQ0K6,GB/T 1122-2021,20,2500,5000,F2,2023-01-02,200002,Q10,2023-07-01,2500,5000,2,1,0,180.0,200.0
steel_610,Q245A,CXWNNG5,GB/T 6060-2017,8,2500,5000,F2,2023-01-02,300003,Q5,2023-10-01,2500,5000,2,1,1,345.0,353.0
steel_611,Q345R(R-HIC),R3X73GM,GB/T 3050-2020,20,2500,5000,F7,2023-01-03,200002,Q7,2023-04-01,2500,5000,2,2,0,244.0,264.0
steel_612,Q235D,IOKUB9A,GB/T 3050-2020,20,2500,5000,F4,2023-01-01,300003,Q11,2023-07-01,2500,5000,3,1,1,357.0,377.0
steel_613,Q345C,FJO3YY7,GB/T 4040-2019,25,2500,5000,F8,2023-01-02,300003,Q11,2023-07-01,2500,5000,2,0,0,183.0,208.0
steel_614,Q235D,72KYO7Z,GB/T 4040-2019,10,2500,5000,F6,2023-01-03,300003,Q5,2023-10-01,2500,5000,4,0,1,392.0,402.0
steel_615,Q245R(R-HIC),5USN2VI,GB/T 4040-2019,21,2500,5000,F2,2023-01-01,200002,Q4,2023-10-01,2500,5000,3,1,0,449.0,470.0
steel_616,Q345B,AJK6SED,GB/T 6060-2017,18,2500,5000,F5,2023-01-03,300003,Q11,2023-07-01,2500,5000,1,2,1,233.0,251.0
steel_617,Q235B,QKLWHZ9,GB/T 4040-2019,15,2500,5000,F4,2023-01-03,200002,Q10,2023-07-01,2500,5000,2,2,0,264.0,279.0
steel_618,Q245A,DIKE2AD,GB/T 2025-2015,8,2500,5000,F1,2023-01-02,300003,Q11,2023-07-01,2500,5000,5,0,1,497.0,505.0
steel_619,Q235C,O2X92JX,GB/T 5050-2018,20,2500,5000,F3,2023-01-02,300003,Q11,2023-07-01,2500,5000,2,0,0,208.0,228.0
steel_620,Q345B,SHL66DZ,GB/T 1122-2021,10,2500,5000,F3,2023-01-02,500005,Q12,2023-07-01,2500,5000,0,1,0,241.0,251.0
steel_621,Q345C,HC01IZP,GB/T 3050-2020,15,2500,5000,F2,2023-01-03,500005,Q3,2023-01-01,2500,5000,3,0,0,526.0,541.0
steel_622,Q235D,H3QO1NG,GB/T 2025-2015,8,2500,5000,F4,2023-01-02,500005,Q9,2023-04-01,2500,5000,3,0,1,356.0,364.0
steel_623,Q235C,NM4OMFX,GB/T 1122-2021,21,2500,5000,F2,2023-01-03,200002,Q4,2023-10-01,2500,5000,5,1,0,370.0,391.0
steel_624,Q235D,F5SGWDY,GB/T 2025-2015,21,2500,5000,F3,2023-01-03,200002,Q1,2023-01-01,2500,5000,0,2,1,229.0,250.0
steel_625,Q345R(R-HIC),7SM6KVU,GB/T 2025-2015,20,2500,5000,F5,2023-01-02,300003,Q8,2023-04-01,2500,5000,4,0,0,407.0,427.0
steel_626,Q235D,DF8AJZJ,GB/T 3050-2020,15,2500,5000,F8,2023-01-01,300003,Q2,2023-01-01,2500,5000,2,0,1,279.0,294.0
steel_627,Q345R(R-HIC),BW645ZG,GB/T 5050-2018,10,2500,5000,F4,2023-01-01,300003,Q5,2023-10-01,2500,5000,4,1,0,329.0,339.0
steel_628,Q245R(R-HIC),X4B4V36,GB/T 4040-2019,20,2500,5000,F7,2023-01-01,300003,Q8,2023-04-01,2500,5000,5,1,1,268.0,288.0
steel_629,Q235C,8EP6F5U,GB/T 6060-2017,16,2500,5000,F8,2023-01-03,200002,Q7,2023-04-01,2500,5000,4,0,0,427.0,443.0
steel_630,Q235C,VANO5B8,GB/T 5050-2018,10,2500,5000,F8,2023-01-03,300003,Q2,2023-01-01,2500,5000,0,1,2,197.0,207.0
steel_631,Q235B,EGZ369S,GB/T 6060-2017,20,2500,5000,F8,2023-01-03,300003,Q8,2023-04-01,2500,5000,3,1,0,470.0,490.0
steel_632,Q345C,4LDID7Q,GB/T 3050-2020,25,2500,5000,F7,2023-01-02,500005,Q9,2023-04-01,2500,5000,0,2,1,250.0,275.0
steel_633,Q345R(R-HIC),NWI1M3X,GB/T 3050-2020,20,2500,5000,F5,2023-01-03,300003,Q11,2023-07-01,2500,5000,0,0,0,193.0,213.0
steel_634,Q235B,NJZOXYQ,GB/T 3050-2020,20,2500,5000,F1,2023-01-02,300003,Q8,2023-04-01,2500,5000,5,0,1,505.0,525.0
steel_635,Q235D,DIKE2AD,GB/T 1122-2021,25,2500,5000,F5,2023-01-02,300003,Q2,2023-01-01,2500,5000,3,1,0,490.0,515.0
steel_636,Q235D,DUW3AU4,GB/T 6060-2017,10,2500,5000,F5,2023-01-01,200002,Q10,2023-07-01,2500,5000,1,1,0,260.0,270.0
steel_637,Q235B,50IHPKL,GB/T 5050-2018,18,2500,5000,F5,2023-01-01,500005,Q12,2023-07-01,2500,5000,0,1,1,150.0,168.0
steel_638,Q235C,3GVSNY9,GB/T 5050-2018,25,2500,5000,F6,2023-01-01,300003,Q11,2023-07-01,2500,5000,0,1,2,207.0,232.0
steel_639,Q235D,QWEFIIX,GB/T 2025-2015,10,2500,5000,F2,2023-01-02,300003,Q8,2023-04-01,2500,5000,5,1,0,391.0,401.0
steel_640,Q245A,64ZVC5J,GB/T 2025-2015,20,2500,5000,F3,2023-01-02,500005,Q12,2023-07-01,2500,5000,5,1,1,288.0,308.0
steel_641,Q245R(R-HIC),RA9VXLL,GB/T 2025-2015,18,2500,5000,F2,2023-01-02,300003,Q8,2023-04-01,2500,5000,2,2,0,279.0,297.0
steel_642,Q245R(R-HIC),V9NRN6N,GB/T 3050-2020,18,2500,5000,F4,2023-01-03,200002,Q10,2023-07-01,2500,5000,4,0,1,402.0,420.0
steel_643,Q245A,O6P1SOD,GB/T 5050-2018,20,2500,5000,F5,2023-01-02,300003,Q8,2023-04-01,2500,5000,3,1,0,515.0,535.0
steel_644,Q235B,UISISWY,GB/T 6060-2017,25,2500,5000,F1,2023-01-01,200002,Q4,2023-10-01,2500,5000,3,1,1,377.0,402.0
steel_645,Q245A,KRVFHUF,GB/T 3050-2020,21,2500,5000,F4,2023-01-01,200002,Q7,2023-04-01,2500,5000,1,1,1,214.0,235.0
steel_646,Q345R(R-HIC),O6P1SOD,GB/T 1122-2021,8,2500,5000,F2,2023-01-02,300003,Q5,2023-10-01,2500,5000,5,0,1,525.0,533.0
steel_647,Q345R(R-HIC),87X4DD2,GB/T 2025-2015,21,2500,5000,F3,2023-01-02,500005,Q12,2023-07-01,2500,5000,0,2,0,149.0,170.0
steel_648,Q235B,B3L02BV,GB/T 3050-2020,10,2500,5000,F7,2023-01-01,200002,Q1,2023-01-01,2500,5000,1,2,1,251.0,261.0
steel_649,Q245A,KQ891BC,GB/T 3050-2020,15,2500,5000,F2,2023-01-02,500005,Q9,2023-04-01,2500,5000,0,0,0,213.0,228.0
steel_650,Q345R(R-HIC),SGLV0IX,GB/T 1122-2021,16,2500,5000,F8,2023-01-01,300003,Q2,2023-01-01,2500,5000,5,0,1,533.0,549.0
steel_651,Q235C,0MVYTA0,GB/T 4040-2019,16,2500,5000,F2,2023-01-03,200002,Q4,2023-10-01,2500,5000,1,0,2,247.0,263.0
steel_652,Q245A,Z54FGX4,GB/T 5050-2018,16,2500,5000,F8,2023-01-01,300003,Q8,2023-04-01,2500,5000,2,1,1,353.0,369.0
steel_653,Q235C,KRVFHUF,GB/T 6060-2017,25,2500,5000,F7,2023-01-03,500005,Q9,2023-04-01,2500,5000,1,1,1,235.0,260.0
steel_654,Q345R(R-HIC),O1HPDT0,GB/T 4040-2019,20,2500,5000,F2,2023-01-02,300003,Q8,2023-04-01,2500,5000,2,2,1,255.0,275.0
steel_655,Q245R(R-HIC),64ZVC5J,GB/T 2025-2015,20,2500,5000,F1,2023-01-02,300003,Q8,2023-04-01,2500,5000,0,2,0,170.0,190.0
steel_656,Q345R(R-HIC),1K5BJFG,GB/T 3050-2020,8,2500,5000,F1,2023-01-03,200002,Q10,2023-07-01,2500,5000,2,0,1,294.0,302.0
steel_657,Q235C,BTCXT0R,GB/T 1122-2021,25,2500,5000,F4,2023-01-02,300003,Q2,2023-01-01,2500,5000,2,1,0,200.0,225.0
steel_658,Q345B,621MUFR,GB/T 1122-2021,25,2500,5000,F7,2023-01-03,300003,Q5,2023-10-01,2500,5000,4,0,1,420.0,445.0
steel_659,Q345C,VOV2BEQ,GB/T 5050-2018,21,2500,5000,F5,2023-01-02,300003,Q8,2023-04-01,2500,5000,1,0,2,263.0,284.0
steel_660,Q235D,ZE9E4AH,GB/T 4040-2019,8,2500,5000,F1,2023-01-01,200002,Q4,2023-10-01,2500,5000,2,2,1,275.0,283.0
steel_661,Q245A,4LDID7Q,GB/T 5050-2018,8,2500,5000,F2,2023-01-02,500005,Q6,2023-10-01,2500,5000,3,0,0,541.0,549.0
steel_662,Q345B,OMYQBHG,GB/T 3050-2020,10,2500,5000,F7,2023-01-01,500005,Q3,2023-01-01,2500,5000,0,1,2,232.0,242.0
steel_663,Q345R(R-HIC),X4B4V36,GB/T 5050-2018,8,2500,5000,F3,2023-01-01,300003,Q8,2023-04-01,2500,5000,4,1,0,339.0,347.0
steel_664,Q245R(R-HIC),S1LBNWS,GB/T 6060-2017,16,2500,5000,F8,2023-01-03,200002,Q4,2023-10-01,2500,5000,1,2,1,261.0,277.0
steel_665,Q235B,9WTGGC8,GB/T 1122-2021,25,2500,5000,F2,2023-01-02,300003,Q11,2023-07-01,2500,5000,1,0,0,182.0,207.0
steel_666,Q345R(R-HIC),LG941RX,GB/T 1122-2021,16,2500,5000,F8,2023-01-03,500005,Q3,2023-01-01,2500,5000,2,2,1,283.0,299.0
steel_667,Q245R(R-HIC),3TJ2JZ4,GB/T 2025-2015,8,2500,5000,F8,2023-01-02,200002,Q10,2023-07-01,2500,5000,2,0,0,228.0,236.0
steel_668,Q345C,9WTGGC8,GB/T 2025-2015,15,2500,5000,F5,2023-01-01,500005,Q3,2023-01-01,2500,5000,4,1,1,413.0,428.0
steel_669,Q345R(R-HIC),H60UCIF,GB/T 3050-2020,8,2500,5000,F7,2023-01-01,500005,Q12,2023-07-01,2500,5000,0,1,1,168.0,176.0
steel_670,Q235C,V9NRN6N,GB/T 6060-2017,8,2500,5000,F7,2023-01-02,200002,Q7,2023-04-01,2500,5000,0,1,2,242.0,250.0
steel_671,Q235B,B3L02BV,GB/T 4040-2019,10,2500,5000,F4,2023-01-02,200002,Q7,2023-04-01,2500,5000,4,1,0,347.0,357.0
steel_672,Q245R(R-HIC),4K4TR0M,GB/T 5050-2018,10,2500,5000,F8,2023-01-03,300003,Q5,2023-10-01,2500,5000,4,1,1,428.0,438.0
steel_673,Q245R(R-HIC),ZX876O0,GB/T 3050-2020,21,2500,5000,F4,2023-01-02,300003,Q8,2023-04-01,2500,5000,2,0,0,236.0,257.0
steel_674,Q245R(R-HIC),Z54FGX4,GB/T 2025-2015,25,2500,5000,F5,2023-01-02,500005,Q12,2023-07-01,2500,5000,3,0,1,364.0,389.0
steel_675,Q345C,JTJ5X69,GB/T 5050-2018,15,2500,5000,F8,2023-01-02,200002,Q10,2023-07-01,2500,5000,5,1,0,401.0,416.0
steel_676,Q345R(R-HIC),D4YLR31,GB/T 2025-2015,16,2500,5000,F4,2023-01-03,200002,Q10,2023-07-01,2500,5000,0,1,0,251.0,267.0
steel_677,Q345C,Q11XWMT,GB/T 5050-2018,21,2500,5000,F4,2023-01-02,300003,Q2,2023-01-01,2500,5000,1,1,1,260.0,281.0
steel_678,Q245A,04IDY93,GB/T 4040-2019,10,2500,5000,F3,2023-01-01,500005,Q3,2023-01-01,2500,5000,2,2,1,299.0,309.0
steel_679,Q235D,02HHPJ6,GB/T 3050-2020,10,2500,5000,F4,2023-01-03,500005,Q3,2023-01-01,2500,5000,5,1,0,416.0,426.0
steel_680,Q235D,RTH5WLX,GB/T 5050-2018,21,2500,5000,F7,2023-01-03,300003,Q8,2023-04-01,2500,5000,5,1,1,308.0,329.0
steel_681,Q245A,FJO3YY7,GB/T 6060-2017,8,2500,5000,F4,2023-01-01,200002,Q4,2023-10-01,2500,5000,0,0,0,228.0,236.0
steel_682,Q345R(R-HIC),O2X92JX,GB/T 1122-2021,18,2500,5000,F8,2023-01-01,300003,Q8,2023-04-01,2500,5000,5,0,1,549.0,567.0
steel_683,Q235C,7IX24X6,GB/T 6060-2017,18,2500,5000,F4,2023-01-01,300003,Q5,2023-10-01,2500,5000,0,0,2,343.0,361.0
steel_684,Q345C,MYEHRT3,GB/T 6060-2017,15,2500,5000,F1,2023-01-02,300003,Q5,2023-10-01,2500,5000,0,1,0,267.0,282.0
steel_685,Q235B,CWGB0TK,GB/T 1122-2021,15,2500,5000,F6,2023-01-01,300003,Q8,2023-04-01,2500,5000,4,0,0,443.0,458.0
steel_686,Q245R(R-HIC),7IX24X6,GB/T 6060-2017,21,2500,5000,F8,2023-01-02,200002,Q1,2023-01-01,2500,5000,5,0,1,567.0,588.0
steel_687,Q245R(R-HIC),8RXJ5IT,GB/T 5050-2018,8,2500,5000,F1,2023-01-03,300003,Q8,2023-04-01,2500,5000,0,2,0,190.0,198.0
steel_688,Q345R(R-HIC),H3QO1NG,GB/T 5050-2018,10,2500,5000,F5,2023-01-03,200002,Q10,2023-07-01,2500,5000,0,2,1,275.0,285.0
steel_689,Q235C,3KX4URW,GB/T 5050-2018,20,2500,5000,F8,2023-01-01,300003,Q11,2023-07-01,2500,5000,4,0,0,458.0,478.0
steel_690,Q235D,WTJXGQU,GB/T 1122-2021,18,2500,5000,F7,2023-01-02,500005,Q6,2023-10-01,2500,5000,4,0,1,445.0,463.0
steel_691,Q235D,9E3B5FE,GB/T 6060-2017,8,2500,5000,F6,2023-01-01,200002,Q7,2023-04-01,2500,5000,0,0,2,361.0,369.0
steel_692,Q245R(R-HIC),ZX876O0,GB/T 1122-2021,25,2500,5000,F6,2023-01-01,500005,Q3,2023-01-01,2500,5000,3,1,1,402.0,427.0
steel_693,Q345R(R-HIC),ZX876O0,GB/T 5050-2018,16,2500,5000,F7,2023-01-02,300003,Q2,2023-01-01,2500,5000,2,1,0,225.0,241.0
steel_694,Q345C,D4YLR31,GB/T 6060-2017,21,2500,5000,F6,2023-01-01,300003,Q2,2023-01-01,2500,5000,4,0,1,463.0,484.0
steel_695,Q235D,4K4TR0M,GB/T 6060-2017,21,2500,5000,F7,2023-01-03,300003,Q11,2023-07-01,2500,5000,5,1,0,426.0,447.0
steel_696,Q345C,D4YLR31,GB/T 2025-2015,18,2500,5000,F1,2023-01-01,200002,Q10,2023-07-01,2500,5000,5,1,1,329.0,347.0
steel_697,Q235C,N9CF1ZI,GB/T 2025-2015,16,2500,5000,F5,2023-01-02,500005,Q12,2023-07-01,2500,5000,3,0,0,549.0,565.0
steel_698,Q235D,0R5F5QR,GB/T 4040-2019,25,2500,5000,F3,2023-01-02,200002,Q1,2023-01-01,2500,5000,1,0,1,221.0,246.0
steel_699,Q235D,KQNQ0LM,GB/T 3050-2020,8,2500,5000,F8,2023-01-03,200002,Q1,2023-01-01,2500,5000,4,1,0,357.0,365.0
steel_700,Q345B,I0KAMWH,GB/T 2025-2015,20,2500,5000,F7,2023-01-02,300003,Q5,2023-10-01,2500,5000,4,1,1,438.0,458.0
steel_701,Q235D,D4YLR31,GB/T 1122-2021,10,2500,5000,F8,2023-01-02,500005,Q9,2023-04-01,2500,5000,2,2,0,297.0,307.0
steel_702,Q245A,9TIL02C,GB/T 2025-2015,15,2500,5000,F5,2023-01-03,300003,Q2,2023-01-01,2500,5000,3,0,1,389.0,404.0
steel_703,Q235B,3TJ2JZ4,GB/T 4040-2019,15,2500,5000,F1,2023-01-01,200002,Q7,2023-04-01,2500,5000,0,2,0,198.0,213.0
steel_704,Q245A,UEA5MQ2,GB/T 6060-2017,25,2500,5000,F3,2023-01-03,300003,Q11,2023-07-01,2500,5000,0,2,1,285.0,310.0
steel_705,Q345R(R-HIC),6EWJ7IU,GB/T 4040-2019,25,2500,5000,F5,2023-01-01,500005,Q12,2023-07-01,2500,5000,0,0,0,236.0,261.0
steel_706,Q345R(R-HIC),RIYO0RL,GB/T 6060-2017,10,2500,5000,F1,2023-01-03,300003,Q11,2023-07-01,2500,5000,1,0,1,246.0,256.0
steel_707,Q345C,8YVXEKN,GB/T 6060-2017,8,2500,5000,F6,2023-01-01,500005,Q3,2023-01-01,2500,5000,0,0,2,369.0,377.0
steel_708,Q245A,S85NKSK,GB/T 3050-2020,20,2500,5000,F8,2023-01-03,500005,Q9,2023-04-01,2500,5000,4,1,1,458.0,478.0
steel_709,Q245A,XN9SJHS,GB/T 2025-2015,16,2500,5000,F2,2023-01-01,300003,Q5,2023-10-01,2500,5000,5,0,0,487.0,503.0
steel_710,Q245A,6EWJ7IU,GB/T 1122-2021,8,2500,5000,F3,2023-01-03,200002,Q7,2023-04-01,2500,5000,2,0,1,302.0,310.0
steel_711,Q235C,P00VUNJ,GB/T 1122-2021,20,2500,5000,F6,2023-01-01,300003,Q11,2023-07-01,2500,5000,4,1,0,365.0,385.0
steel_712,Q235D,10HIHO7,GB/T 5050-2018,18,2500,5000,F5,2023-01-03,200002,Q7,2023-04-01,2500,5000,5,1,1,347.0,365.0
steel_713,Q235B,WXJG952,GB/T 6060-2017,25,2500,5000,F3,2023-01-02,200002,Q4,2023-10-01,2500,5000,5,0,0,503.0,528.0
steel_714,Q345C,J6RT5EK,GB/T 1122-2021,10,2500,5000,F6,2023-01-01,300003,Q5,2023-10-01,2500,5000,1,0,1,256.0,266.0
steel_715,Q245A,S85NKSK,GB/T 3050-2020,16,2500,5000,F1,2023-01-03,200002,Q10,2023-07-01,2500,5000,4,1,0,385.0,401.0
steel_716,Q245A,HC01IZP,GB/T 6060-2017,18,2500,5000,F7,2023-01-01,200002,Q4,2023-10-01,2500,5000,4,1,1,478.0,496.0
steel_717,Q345B,OYJ1KIP,GB/T 3050-2020,21,2500,5000,F8,2023-01-01,300003,Q8,2023-04-01,2500,5000,5,0,0,528.0,549.0
steel_718,Q345C,02HHPJ6,GB/T 1122-2021,18,2500,5000,F4,2023-01-03,300003,Q5,2023-10-01,2500,5000,5,0,1,588.0,606.0
steel_719,Q245A,QRL62Q2,GB/T 1122-2021,18,2500,5000,F4,2023-01-01,300003,Q11,2023-07-01,2500,5000,2,2,0,307.0,325.0
steel_720,Q345C,0MVYTA0,GB/T 5050-2018,10,2500,5000,F1,2023-01-03,200002,Q10,2023-07-01,2500,5000,5,1,1,365.0,375.0
steel_721,Q235D,WXJG952,GB/T 1122-2021,21,2500,5000,F5,2023-01-02,500005,Q9,2023-04-01,2500,5000,2,0,0,257.0,278.0
steel_722,Q345B,WM7J4YE,GB/T 6060-2017,16,2500,5000,F8,2023-01-01,200002,Q4,2023-10-01,2500,5000,2,0,1,310.0,326.0
steel_723,Q345C,XN9SJHS,GB/T 6060-2017,8,2500,5000,F5,2023-01-02,500005,Q12,2023-07-01,2500,5000,5,1,0,447.0,455.0
steel_724,Q235B,99421IL,GB/T 6060-2017,20,2500,5000,F8,2023-01-01,300003,Q5,2023-10-01,2500,5000,0,1,0,282.0,302.0
steel_725,Q235B,D373K6W,GB/T 5050-2018,10,2500,5000,F1,2023-01-01,500005,Q9,2023-04-01,2500,5000,2,2,0,325.0,335.0
steel_726,Q345R(R-HIC),8IQWCMR,GB/T 5050-2018,8,2500,5000,F8,2023-01-01,300003,Q8,2023-04-01,2500,5000,0,1,2,250.0,258.0
steel_727,Q345B,8SB016D,GB/T 1122-2021,21,2500,5000,F7,2023-01-03,300003,Q11,2023-07-01,2500,5000,1,2,0,226.0,247.0
steel_728,Q345B,621MUFR,GB/T 4040-2019,16,2500,5000,F5,2023-01-02,500005,Q6,2023-10-01,2500,5000,1,2,1,277.0,293.0
steel_729,Q345R(R-HIC),ZE9E4AH,GB/T 4040-2019,20,2500,5000,F1,2023-01-01,300003,Q2,2023-01-01,2500,5000,3,0,0,565.0,585.0
steel_730,Q345C,QK89HAW,GB/T 5050-2018,15,2500,5000,F7,2023-01-03,500005,Q9,2023-04-01,2500,5000,2,1,1,369.0,384.0
steel_731,Q345B,02HHPJ6,GB/T 1122-2021,21,2500,5000,F8,2023-01-01,300003,Q5,2023-10-01,2500,5000,3,1,0,535.0,556.0
steel_732,Q235B,SS5F6F1,GB/T 4040-2019,8,2500,5000,F1,2023-01-03,200002,Q10,2023-07-01,2500,5000,1,1,0,270.0,278.0
steel_733,Q235B,HC01IZP,GB/T 1122-2021,15,2500,5000,F8,2023-01-01,200002,Q1,2023-01-01,2500,5000,3,0,0,585.0,600.0
steel_734,Q245A,9KO3JBE,GB/T 1122-2021,25,2500,5000,F5,2023-01-02,300003,Q2,2023-01-01,2500,5000,4,0,1,484.0,509.0
steel_735,Q235D,95RCE0K,GB/T 1122-2021,21,2500,5000,F1,2023-01-02,300003,Q5,2023-10-01,2500,5000,2,1,0,241.0,262.0
steel_736,Q345B,D258TC6,GB/T 2025-2015,16,2500,5000,F8,2023-01-01,500005,Q6,2023-10-01,2500,5000,0,2,1,310.0,326.0
steel_737,Q345C,JGW5Z76,GB/T 6060-2017,15,2500,5000,F5,2023-01-03,200002,Q1,2023-01-01,2500,5000,2,2,0,335.0,350.0
steel_738,Q345R(R-HIC),2IX13U8,GB/T 1122-2021,25,2500,5000,F7,2023-01-01,500005,Q3,2023-01-01,2500,5000,5,0,1,606.0,631.0
steel_739,Q345R(R-HIC),8EGBJL9,GB/T 2025-2015,18,2500,5000,F2,2023-01-03,300003,Q11,2023-07-01,2500,5000,2,0,0,278.0,296.0
steel_740,Q345C,CQU1C4C,GB/T 5050-2018,20,2500,5000,F7,2023-01-01,300003,Q8,2023-04-01,2500,5000,2,0,1,326.0,346.0
steel_741,Q235C,XUOHVM1,GB/T 4040-2019,20,2500,5000,F8,2023-01-03,500005,Q12,2023-07-01,2500,5000,1,1,1,281.0,301.0
steel_742,Q245R(R-HIC),RIYO0RL,GB/T 6060-2017,8,2500,5000,F1,2023-01-02,300003,Q8,2023-04-01,2500,5000,1,1,2,149.0,157.0
steel_743,Q235D,S85NKSK,GB/T 4040-2019,8,2500,5000,F4,2023-01-01,200002,Q10,2023-07-01,2500,5000,2,2,0,350.0,358.0
steel_744,Q345R(R-HIC),B04H2H3,GB/T 6060-2017,20,2500,5000,F7,2023-01-02,500005,Q12,2023-07-01,2500,5000,5,1,1,375.0,395.0
steel_745,Q345B,621MUFR,GB/T 4040-2019,10,2500,5000,F7,2023-01-02,200002,Q1,2023-01-01,2500,5000,2,0,0,296.0,306.0
steel_746,Q235D,S85NKSK,GB/T 6060-2017,10,2500,5000,F5,2023-01-01,200002,Q7,2023-04-01,2500,5000,5,0,1,631.0,641.0
steel_747,Q345B,D258TC6,GB/T 4040-2019,25,2500,5000,F6,2023-01-01,200002,Q1,2023-01-01,2500,5000,1,0,2,284.0,309.0
steel_748,Q235C,FHYBE1H,GB/T 4040-2019,18,2500,5000,F4,2023-01-03,500005,Q12,2023-07-01,2500,5000,5,1,1,395.0,413.0
steel_749,Q235B,3GVSNY9,GB/T 4040-2019,20,2500,5000,F8,2023-01-03,300003,Q11,2023-07-01,2500,5000,5,0,0,549.0,569.0
steel_750,Q235D,C88GXCR,GB/T 4040-2019,18,2500,5000,F2,2023-01-02,200002,Q4,2023-10-01,2500,5000,5,0,1,641.0,659.0
steel_751,Q245A,CXWNNG5,GB/T 5050-2018,18,2500,5000,F1,2023-01-03,200002,Q4,2023-10-01,2500,5000,0,2,0,213.0,231.0
steel_752,Q345R(R-HIC),WXJG952,GB/T 1122-2021,8,2500,5000,F6,2023-01-03,200002,Q10,2023-07-01,2500,5000,5,1,1,413.0,421.0
steel_753,Q235D,7SM6KVU,GB/T 3050-2020,15,2500,5000,F8,2023-01-01,300003,Q2,2023-01-01,2500,5000,2,1,0,262.0,277.0
steel_754,Q235D,8CZMUEA,GB/T 2025-2015,15,2500,5000,F3,2023-01-03,300003,Q2,2023-01-01,2500,5000,0,0,1,229.0,244.0
steel_755,Q235D,979YRZV,GB/T 3050-2020,16,2500,5000,F2,2023-01-02,500005,Q9,2023-04-01,2500,5000,5,1,0,455.0,471.0
steel_756,Q245R(R-HIC),J6RT5EK,GB/T 3050-2020,21,2500,5000,F7,2023-01-03,300003,Q2,2023-01-01,2500,5000,0,1,0,302.0,323.0
steel_757,Q235D,5BQX6VN,GB/T 6060-2017,15,2500,5000,F3,2023-01-02,500005,Q3,2023-01-01,2500,5000,1,1,1,301.0,316.0
steel_758,Q345B,KHE3W7A,GB/T 1122-2021,16,2500,5000,F7,2023-01-01,500005,Q12,2023-07-01,2500,5000,2,0,1,346.0,362.0
steel_759,Q235B,DUFOY38,GB/T 6060-2017,16,2500,5000,F7,2023-01-02,500005,Q12,2023-07-01,2500,5000,3,1,0,556.0,572.0
steel_760,Q235C,A2JOJE7,GB/T 1122-2021,8,2500,5000,F3,2023-01-03,500005,Q12,2023-07-01,2500,5000,4,1,1,496.0,504.0
steel_761,Q345C,BW645ZG,GB/T 1122-2021,16,2500,5000,F2,2023-01-01,500005,Q6,2023-10-01,2500,5000,5,0,0,569.0,585.0
steel_762,Q235D,QNA9F82,GB/T 4040-2019,10,2500,5000,F5,2023-01-03,200002,Q7,2023-04-01,2500,5000,5,0,1,659.0,669.0
steel_763,Q345R(R-HIC),KQ891BC,GB/T 5050-2018,10,2500,5000,F3,2023-01-01,300003,Q2,2023-01-01,2500,5000,4,1,0,401.0,411.0
steel_764,Q235D,QK89HAW,GB/T 4040-2019,8,2500,5000,F8,2023-01-01,200002,Q1,2023-01-01,2500,5000,2,0,1,362.0,370.0
steel_765,Q345R(R-HIC),ZX876O0,GB/T 5050-2018,15,2500,5000,F6,2023-01-03,500005,Q6,2023-10-01,2500,5000,5,0,0,585.0,600.0
steel_766,Q345B,HC01IZP,GB/T 6060-2017,20,2500,5000,F6,2023-01-03,300003,Q11,2023-07-01,2500,5000,2,1,1,384.0,404.0
steel_767,Q345R(R-HIC),0R5F5QR,GB/T 5050-2018,10,2500,5000,F3,2023-01-01,200002,Q1,2023-01-01,2500,5000,4,1,0,411.0,421.0
steel_768,Q245A,9TIL02C,GB/T 6060-2017,15,2500,5000,F8,2023-01-01,200002,Q10,2023-07-01,2500,5000,0,2,1,326.0,341.0
steel_769,Q345C,RTH5WLX,GB/T 3050-2020,20,2500,5000,F5,2023-01-03,500005,Q12,2023-07-01,2500,5000,3,0,0,600.0,620.0
steel_770,Q235B,D258TC6,GB/T 3050-2020,10,2500,5000,F6,2023-01-02,200002,Q1,2023-01-01,2500,5000,2,0,1,370.0,380.0
steel_771,Q345R(R-HIC),95IQ4Z7,GB/T 5050-2018,25,2500,5000,F8,2023-01-03,200002,Q10,2023-07-01,2500,5000,4,1,0,421.0,446.0
steel_772,Q345R(R-HIC),3W69200,GB/T 5050-2018,18,2500,5000,F5,2023-01-01,200002,Q7,2023-04-01,2500,5000,4,1,1,504.0,522.0
steel_773,Q235B,3MBJKIE,GB/T 6060-2017,16,2500,5000,F8,2023-01-03,200002,Q7,2023-04-01,2500,5000,0,1,1,176.0,192.0
steel_774,Q345C,3A1RRGN,GB/T 4040-2019,18,2500,5000,F7,2023-01-02,200002,Q10,2023-07-01,2500,5000,1,1,2,157.0,175.0
steel_775,Q235D,J0ZR697,GB/T 6060-2017,10,2500,5000,F6,2023-01-03,500005,Q9,2023-04-01,2500,5000,1,2,0,247.0,257.0
steel_776,Q345R(R-HIC),9KO3JBE,GB/T 4040-2019,18,2500,5000,F5,2023-01-01,500005,Q3,2023-01-01,2500,5000,1,2,1,293.0,311.0
steel_777,Q235B,ZX876O0,GB/T 3050-2020,15,2500,5000,F6,2023-01-03,200002,Q7,2023-04-01,2500,5000,4,0,0,478.0,493.0
steel_778,Q245A,Q4IJWB6,GB/T 1122-2021,25,2500,5000,F7,2023-01-01,500005,Q12,2023-07-01,2500,5000,1,0,1,266.0,291.0
steel_779,Q245A,BT04J6X,GB/T 5050-2018,10,2500,5000,F3,2023-01-01,500005,Q3,2023-01-01,2500,5000,0,0,2,377.0,387.0
steel_780,Q345B,B94WQ6E,GB/T 4040-2019,16,2500,5000,F7,2023-01-03,300003,Q5,2023-10-01,2500,5000,2,2,1,309.0,325.0
steel_781,Q235B,7IX24X6,GB/T 6060-2017,18,2500,5000,F6,2023-01-01,200002,Q4,2023-10-01,2500,5000,2,0,0,306.0,324.0
steel_782,Q345B,8YVXEKN,GB/T 3050-2020,8,2500,5000,F6,2023-01-01,500005,Q12,2023-07-01,2500,5000,2,0,1,380.0,388.0
steel_783,Q245A,ZX876O0,GB/T 4040-2019,15,2500,5000,F2,2023-01-02,500005,Q3,2023-01-01,2500,5000,5,1,0,471.0,486.0
steel_784,Q345C,KRVFHUF,GB/T 6060-2017,20,2500,5000,F5,2023-01-02,200002,Q4,2023-10-01,2500,5000,4,1,1,522.0,542.0
steel_785,Q235D,6J90XF3,GB/T 5050-2018,21,2500,5000,F3,2023-01-02,300003,Q8,2023-04-01,2500,5000,3,0,0,620.0,641.0
steel_786,Q235B,6KPENAM,GB/T 5050-2018,15,2500,5000,F7,2023-01-02,200002,Q4,2023-10-01,2500,5000,5,0,1,669.0,684.0
steel_787,Q235C,VANO5B8,GB/T 2025-2015,21,2500,5000,F5,2023-01-01,300003,Q2,2023-01-01,2500,5000,3,1,0,572.0,593.0
steel_788,Q245A,E0QBYRP,GB/T 1122-2021,25,2500,5000,F1,2023-01-03,200002,Q1,2023-01-01,2500,5000,4,1,1,542.0,567.0
steel_789,Q245A,SNAUE12,GB/T 2025-2015,21,2500,5000,F5,2023-01-01,200002,Q10,2023-07-01,2500,5000,3,0,0,641.0,662.0
steel_790,Q235C,FHYBE1H,GB/T 3050-2020,8,2500,5000,F1,2023-01-01,200002,Q1,2023-01-01,2500,5000,3,0,1,404.0,412.0
steel_791,Q245R(R-HIC),7ZQ98XH,GB/T 4040-2019,20,2500,5000,F3,2023-01-01,200002,Q7,2023-04-01,2500,5000,5,1,0,486.0,506.0
steel_792,Q245A,NJZOXYQ,GB/T 3050-2020,15,2500,5000,F7,2023-01-03,300003,Q5,2023-10-01,2500,5000,1,2,1,311.0,326.0
steel_793,Q345R(R-HIC),6E4XD2W,GB/T 6060-2017,25,2500,5000,F7,2023-01-02,300003,Q5,2023-10-01,2500,5000,2,0,0,324.0,349.0
steel_794,Q345C,B3L02BV,GB/T 5050-2018,16,2500,5000,F8,2023-01-01,500005,Q3,2023-01-01,2500,5000,4,0,1,509.0,525.0
steel_795,Q235B,R7XVLZO,GB/T 2025-2015,8,2500,5000,F6,2023-01-01,200002,Q10,2023-07-01,2500,5000,4,1,0,446.0,454.0
steel_796,Q235C,6UHG5WG,GB/T 2025-2015,20,2500,5000,F4,2023-01-02,300003,Q11,2023-07-01,2500,5000,5,1,1,421.0,441.0
steel_797,Q345R(R-HIC),RF2ACIX,GB/T 2025-2015,15,2500,5000,F2,2023-01-01,300003,Q5,2023-10-01,2500,5000,1,1,1,316.0,331.0
steel_798,Q235C,IUIEMCP,GB/T 3050-2020,25,2500,5000,F5,2023-01-03,300003,Q8,2023-04-01,2500,5000,0,1,2,258.0,283.0
steel_799,Q235B,RA3VNVC,GB/T 5050-2018,25,2500,5000,F3,2023-01-01,200002,Q4,2023-10-01,2500,5000,4,1,0,454.0,479.0
steel_800,Q345B,7HYE8DD,GB/T 4040-2019,20,2500,5000,F4,2023-01-01,500005,Q6,2023-10-01,2500,5000,2,0,1,388.0,408.0
