Filename,Material,Furnace,Standard,Thickness,Width,Length,Material_Code,Entry Time,Postal_Code,Batch,Delivery Time
steel_1,Q235C,SGLV0IX,GB/T 1122-2021,8,2500,5000,F2,2023/1/1,200002,Q7,2023/4/1
steel_2,Q345C,O1HPDT0,GB/T 6060-2017,20,2700,7500,F6,2023/1/2,500005,Q3,2023/1/1
steel_3,Q345R(R-HIC),AJK6SED,GB/T 3050-2020,15,2500,7500,F3,2023/1/2,500005,Q9,2023/4/1
steel_4,Q235C,FA1K4WR,GB/T 2025-2015,18,2500,7500,F1,2023/1/1,300003,Q2,2023/1/1
steel_5,Q345B,X4B4V36,GB/T 6060-2017,16,2700,5000,F2,2023/1/3,200002,Q10,2023/7/1
steel_6,Q245A,R3X73GM,GB/T 1122-2021,8,2500,5000,F8,2023/1/1,200002,Q4,2023/10/1
steel_7,Q345R(R-HIC),18L9LKP,GB/T 6060-2017,16,2700,7500,F4,2023/1/1,300003,Q8,2023/4/1
steel_8,Q345R(R-HIC),B94WQ6E,GB/T 3050-2020,10,3500,5000,F8,2023/1/3,500005,Q12,2023/7/1
steel_9,Q235C,D373K6W,GB/T 1122-2021,16,2500,7500,F5,2023/1/3,200002,Q4,2023/10/1
steel_10,Q235D,9KO3JBE,GB/T 6060-2017,10,2500,7500,F6,2023/1/2,200002,Q1,2023/1/1
steel_11,Q345B,CRX5AQ8,GB/T 2025-2015,21,3500,7500,F6,2023/1/2,500005,Q6,2023/10/1
steel_12,Q235C,Z2OJP25,GB/T 2025-2015,10,2500,11500,F8,2023/1/1,500005,Q9,2023/4/1
steel_13,Q345B,P2ML9R2,GB/T 4040-2019,25,2700,7500,F1,2023/1/3,200002,Q1,2023/1/1
steel_14,Q345B,E0QBYRP,GB/T 6060-2017,16,3500,5000,F8,2023/1/2,500005,Q12,2023/7/1
steel_15,Q245A,3A1RRGN,GB/T 5050-2018,21,3500,7500,F7,2023/1/1,200002,Q10,2023/7/1
steel_16,Q345R(R-HIC),CTHO4QT,GB/T 6060-2017,18,2700,7500,F5,2023/1/3,500005,Q3,2023/1/1
steel_17,Q345C,NXITJH4,GB/T 1122-2021,20,2500,7500,F5,2023/1/1,500005,Q9,2023/4/1
steel_18,Q245A,ZXN6F8S,GB/T 1122-2021,21,2500,5000,F8,2023/1/2,300003,Q5,2023/10/1
steel_19,Q245A,3GVSNY9,GB/T 6060-2017,16,2700,11500,F4,2023/1/2,500005,Q12,2023/7/1
steel_20,Q345B,QKLWHZ9,GB/T 3050-2020,18,3500,7500,F4,2023/1/3,300003,Q5,2023/10/1
steel_21,Q245R(R-HIC),ZWZURLA,GB/T 2025-2015,18,2700,5000,F5,2023/1/1,500005,Q9,2023/4/1
steel_22,Q345R(R-HIC),28F5IXF,GB/T 1122-2021,18,2500,5000,F3,2023/1/3,200002,Q4,2023/10/1
steel_23,Q235D,WTJXGQU,GB/T 2025-2015,8,2500,5000,F4,2023/1/2,200002,Q7,2023/4/1
steel_24,Q245A,Y919H41,GB/T 1122-2021,16,2500,7500,F8,2023/1/2,500005,Q12,2023/7/1
steel_25,Q345C,PVE4CU2,GB/T 4040-2019,18,2700,5000,F4,2023/1/1,500005,Q6,2023/10/1
steel_26,Q245R(R-HIC),TXMSCFY,GB/T 5050-2018,18,2700,5000,F5,2023/1/1,200002,Q1,2023/1/1
steel_27,Q245R(R-HIC),VOV2BEQ,GB/T 1122-2021,21,3500,7500,F1,2023/1/1,500005,Q3,2023/1/1
steel_28,Q235D,S72FQGP,GB/T 2025-2015,20,2700,5000,F2,2023/1/3,300003,Q8,2023/4/1
steel_29,Q245A,8YVXEKN,GB/T 4040-2019,25,2500,5000,F4,2023/1/1,300003,Q11,2023/7/1
steel_30,Q345C,Q0CYXUI,GB/T 1122-2021,15,2700,5000,F7,2023/1/1,300003,Q5,2023/10/1
steel_31,Q345R(R-HIC),NWI1M3X,GB/T 3050-2020,15,2700,5000,F1,2023/1/2,300003,Q2,2023/1/1
steel_32,Q235B,BW645ZG,GB/T 5050-2018,16,2700,5000,F3,2023/1/2,300003,Q2,2023/1/1
steel_33,Q345C,BRM0WHW,GB/T 1122-2021,16,2700,7500,F7,2023/1/1,500005,Q3,2023/1/1
steel_34,Q235D,3A1RRGN,GB/T 4040-2019,21,2700,5000,F8,2023/1/1,500005,Q6,2023/10/1
steel_35,Q245R(R-HIC),0P48PTI,GB/T 3050-2020,10,2700,5000,F2,2023/1/2,300003,Q2,2023/1/1
steel_36,Q345R(R-HIC),CQU1C4C,GB/T 6060-2017,21,2500,7500,F8,2023/1/1,500005,Q3,2023/1/1
steel_37,Q345C,ZE9E4AH,GB/T 4040-2019,16,2500,7500,F2,2023/1/3,500005,Q12,2023/7/1
steel_38,Q235B,1K5BJFG,GB/T 4040-2019,18,2700,7500,F2,2023/1/3,300003,Q11,2023/7/1
steel_39,Q235B,JGW5Z76,GB/T 3050-2020,20,2500,7500,F8,2023/1/3,500005,Q6,2023/10/1
steel_40,Q345B,9E3B5FE,GB/T 4040-2019,15,2500,5000,F7,2023/1/1,500005,Q6,2023/10/1
steel_41,Q345B,DIKDCW1,GB/T 3050-2020,18,2500,7500,F7,2023/1/2,500005,Q12,2023/7/1
steel_42,Q235C,Q0CYXUI,GB/T 1122-2021,16,2700,7500,F2,2023/1/1,300003,Q11,2023/7/1
steel_43,Q235D,8MKPONK,GB/T 3050-2020,8,2500,7500,F7,2023/1/1,500005,Q9,2023/4/1
steel_44,Q245A,4K4TR0M,GB/T 3050-2020,16,2700,11500,F2,2023/1/2,200002,Q1,2023/1/1
steel_45,Q345C,2IX13U8,GB/T 5050-2018,8,3500,5000,F5,2023/1/2,200002,Q1,2023/1/1
steel_46,Q345C,0QN1TJ2,GB/T 3050-2020,16,2500,7500,F2,2023/1/2,300003,Q2,2023/1/1
steel_47,Q245A,3TJ2JZ4,GB/T 3050-2020,18,2500,5000,F5,2023/1/3,200002,Q4,2023/10/1
steel_48,Q235C,9W9W7HZ,GB/T 6060-2017,18,2500,7500,F1,2023/1/1,300003,Q11,2023/7/1
steel_49,Q245R(R-HIC),4VKBN6F,GB/T 1122-2021,20,3500,7500,F6,2023/1/2,200002,Q7,2023/4/1
steel_50,Q245R(R-HIC),YQF68EE,GB/T 5050-2018,8,2500,7500,F1,2023/1/1,200002,Q1,2023/1/1
steel_51,Q235C,Y919H41,GB/T 6060-2017,20,2700,5000,F8,2023/1/3,200002,Q1,2023/1/1
steel_52,Q245R(R-HIC),7HYE8DD,GB/T 2025-2015,15,2500,7500,F6,2023/1/3,300003,Q5,2023/10/1
steel_53,Q345B,7ZQ98XH,GB/T 1122-2021,16,2700,7500,F4,2023/1/2,300003,Q11,2023/7/1
steel_54,Q345C,NM4OMFX,GB/T 1122-2021,21,2700,7500,F8,2023/1/2,500005,Q12,2023/7/1
steel_55,Q235C,CCY29L2,GB/T 2025-2015,8,2700,7500,F3,2023/1/1,300003,Q11,2023/7/1
steel_56,Q345C,VO1MDOE,GB/T 3050-2020,18,3500,7500,F1,2023/1/2,200002,Q4,2023/10/1
steel_57,Q245A,K5POY1K,GB/T 6060-2017,18,2500,7500,F7,2023/1/1,200002,Q7,2023/4/1
steel_58,Q235B,LQN79VT,GB/T 4040-2019,16,2700,5000,F1,2023/1/2,300003,Q11,2023/7/1
steel_59,Q345B,H60UCIF,GB/T 5050-2018,10,2500,7500,F7,2023/1/1,300003,Q11,2023/7/1
steel_60,Q345R(R-HIC),8RXJ5IT,GB/T 4040-2019,10,3500,5000,F6,2023/1/1,300003,Q2,2023/1/1
steel_61,Q345B,3GVSNY9,GB/T 2025-2015,25,2700,11500,F3,2023/1/1,500005,Q3,2023/1/1
steel_62,Q235C,QKLWHZ9,GB/T 1122-2021,16,3500,7500,F6,2023/1/1,200002,Q10,2023/7/1
steel_63,Q345R(R-HIC),QK89HAW,GB/T 1122-2021,15,2500,11500,F3,2023/1/3,500005,Q3,2023/1/1
steel_64,Q235B,9W9W7HZ,GB/T 5050-2018,16,2500,5000,F1,2023/1/1,500005,Q9,2023/4/1
steel_65,Q235C,VANO5B8,GB/T 1122-2021,20,2700,7500,F7,2023/1/2,200002,Q7,2023/4/1
steel_66,Q235D,CWGB0TK,GB/T 1122-2021,8,2700,7500,F6,2023/1/3,200002,Q4,2023/10/1
steel_67,Q345C,QRL62Q2,GB/T 5050-2018,16,2500,7500,F3,2023/1/3,300003,Q8,2023/4/1
steel_68,Q235B,4QD4SBI,GB/T 6060-2017,18,2700,7500,F2,2023/1/1,300003,Q11,2023/7/1
steel_69,Q345C,TDZF6LU,GB/T 6060-2017,25,2500,5000,F8,2023/1/3,500005,Q9,2023/4/1
steel_70,Q245R(R-HIC),ZQZSZKV,GB/T 5050-2018,10,2700,7500,F8,2023/1/1,300003,Q8,2023/4/1
steel_71,Q235D,9KO3JBE,GB/T 2025-2015,15,2700,7500,F6,2023/1/2,300003,Q11,2023/7/1
steel_72,Q235D,6WDQ0K6,GB/T 1122-2021,15,2700,5000,F7,2023/1/1,200002,Q4,2023/10/1
steel_73,Q235B,HPMHZJ4,GB/T 1122-2021,18,2500,5000,F2,2023/1/3,200002,Q1,2023/1/1
steel_74,Q235D,DUW3AU4,GB/T 2025-2015,15,2700,11500,F6,2023/1/2,300003,Q8,2023/4/1
steel_75,Q345R(R-HIC),EGZ369S,GB/T 6060-2017,18,2500,7500,F1,2023/1/1,200002,Q7,2023/4/1
steel_76,Q235D,A2JOJE7,GB/T 3050-2020,21,3500,11500,F3,2023/1/2,300003,Q8,2023/4/1
steel_77,Q345C,7HYE8DD,GB/T 3050-2020,20,2500,7500,F5,2023/1/2,200002,Q10,2023/7/1
steel_78,Q345C,3KX4URW,GB/T 3050-2020,16,2700,5000,F1,2023/1/3,200002,Q10,2023/7/1
steel_79,Q235C,621MUFR,GB/T 6060-2017,21,3500,5000,F8,2023/1/2,200002,Q4,2023/10/1
steel_80,Q345C,SGT2BRK,GB/T 6060-2017,18,2700,5000,F3,2023/1/3,200002,Q7,2023/4/1
steel_81,Q235C,BTCXT0R,GB/T 2025-2015,18,2700,5000,F6,2023/1/2,300003,Q2,2023/1/1
steel_82,Q345C,04IDY93,GB/T 1122-2021,8,2700,7500,F1,2023/1/1,500005,Q6,2023/10/1
steel_83,Q345R(R-HIC),VOV2BEQ,GB/T 2025-2015,25,3500,5000,F4,2023/1/2,200002,Q1,2023/1/1
steel_84,Q245A,B04H2H3,GB/T 2025-2015,8,2700,7500,F5,2023/1/1,300003,Q11,2023/7/1
steel_85,Q235C,SNAUE12,GB/T 6060-2017,10,2700,11500,F7,2023/1/1,300003,Q8,2023/4/1
steel_86,Q345B,2IX13U8,GB/T 3050-2020,8,2700,7500,F2,2023/1/2,200002,Q10,2023/7/1
steel_87,Q245R(R-HIC),IOKUB9A,GB/T 4040-2019,20,2700,7500,F2,2023/1/1,500005,Q6,2023/10/1
steel_88,Q235B,D373K6W,GB/T 1122-2021,10,2700,7500,F7,2023/1/2,200002,Q10,2023/7/1
steel_89,Q345C,6EWJ7IU,GB/T 6060-2017,10,2700,5000,F4,2023/1/2,300003,Q8,2023/4/1
steel_90,Q235D,CWGB0TK,GB/T 3050-2020,8,2500,7500,F8,2023/1/1,500005,Q6,2023/10/1
steel_91,Q245A,3XRVAD6,GB/T 4040-2019,8,2500,5000,F3,2023/1/1,300003,Q5,2023/10/1
steel_92,Q345C,B94WQ6E,GB/T 4040-2019,18,2500,5000,F7,2023/1/3,200002,Q1,2023/1/1
steel_93,Q235D,MNGEAXH,GB/T 6060-2017,20,2500,7500,F4,2023/1/1,500005,Q3,2023/1/1
steel_94,Q245R(R-HIC),S1LBNWS,GB/T 5050-2018,16,2500,5000,F6,2023/1/3,300003,Q5,2023/10/1
steel_95,Q245R(R-HIC),5BQX6VN,GB/T 1122-2021,16,2700,5000,F5,2023/1/1,300003,Q11,2023/7/1
steel_96,Q245R(R-HIC),KBCEYCI,GB/T 4040-2019,20,2500,7500,F2,2023/1/2,300003,Q11,2023/7/1
steel_97,Q235D,VEC3GU5,GB/T 6060-2017,8,2700,11500,F5,2023/1/1,200002,Q4,2023/10/1
steel_98,Q345C,95RCE0K,GB/T 6060-2017,15,2500,7500,F4,2023/1/2,500005,Q9,2023/4/1
steel_99,Q245R(R-HIC),Z2OJP25,GB/T 3050-2020,25,2500,7500,F5,2023/1/2,200002,Q4,2023/10/1
steel_100,Q345R(R-HIC),CTHO4QT,GB/T 5050-2018,18,2700,5000,F8,2023/1/2,200002,Q10,2023/7/1
steel_101,Q235C,0ZUCSUW,GB/T 1122-2021,10,2700,7500,F8,2023/1/3,200002,Q4,2023/10/1
steel_102,Q235D,6P33R3B,GB/T 2025-2015,18,2500,7500,F1,2023/1/1,500005,Q9,2023/4/1
steel_103,Q235D,4VKBN6F,GB/T 3050-2020,15,3500,7500,F7,2023/1/2,200002,Q1,2023/1/1
steel_104,Q345C,ZAO3KZP,GB/T 4040-2019,18,3500,11500,F1,2023/1/2,200002,Q1,2023/1/1
steel_105,Q235D,YHR7IB4,GB/T 4040-2019,8,2500,5000,F5,2023/1/3,200002,Q1,2023/1/1
steel_106,Q235D,95IQ4Z7,GB/T 3050-2020,8,2500,11500,F2,2023/1/1,200002,Q4,2023/10/1
steel_107,Q245R(R-HIC),Z2OJP25,GB/T 6060-2017,8,3500,11500,F4,2023/1/1,300003,Q2,2023/1/1
steel_108,Q345C,4K4TR0M,GB/T 4040-2019,25,2700,5000,F3,2023/1/3,200002,Q10,2023/7/1
steel_109,Q245R(R-HIC),UILQU2Z,GB/T 5050-2018,20,2700,7500,F5,2023/1/3,300003,Q2,2023/1/1
steel_110,Q235C,5FRBI23,GB/T 1122-2021,10,2700,11500,F3,2023/1/1,200002,Q10,2023/7/1
steel_111,Q245A,C88GXCR,GB/T 5050-2018,10,2500,5000,F8,2023/1/3,500005,Q3,2023/1/1
steel_112,Q235C,9KO3JBE,GB/T 4040-2019,20,2700,7500,F3,2023/1/1,300003,Q2,2023/1/1
steel_113,Q245A,OLSFJE7,GB/T 2025-2015,10,2500,11500,F3,2023/1/1,300003,Q2,2023/1/1
steel_114,Q245R(R-HIC),91N3B13,GB/T 1122-2021,10,2700,7500,F2,2023/1/2,300003,Q11,2023/7/1
steel_115,Q235C,UILQU2Z,GB/T 1122-2021,25,2700,5000,F3,2023/1/2,300003,Q8,2023/4/1
steel_116,Q345C,OM5MEKI,GB/T 3050-2020,10,2700,7500,F5,2023/1/1,500005,Q3,2023/1/1
steel_117,Q235B,QNA9F82,GB/T 3050-2020,20,2500,5000,F4,2023/1/1,200002,Q7,2023/4/1
steel_118,Q245R(R-HIC),91N3B13,GB/T 2025-2015,25,2500,7500,F3,2023/1/1,300003,Q11,2023/7/1
steel_119,Q245A,9TIL02C,GB/T 6060-2017,15,2700,5000,F6,2023/1/1,500005,Q12,2023/7/1
steel_120,Q345R(R-HIC),5P5OJE5,GB/T 1122-2021,8,2700,7500,F3,2023/1/1,300003,Q8,2023/4/1
steel_121,Q245A,R7XVLZO,GB/T 2025-2015,10,2700,7500,F3,2023/1/1,200002,Q10,2023/7/1
steel_122,Q345R(R-HIC),SGLV0IX,GB/T 3050-2020,21,2500,7500,F1,2023/1/3,300003,Q8,2023/4/1
steel_123,Q235D,4VKBN6F,GB/T 3050-2020,21,3500,7500,F4,2023/1/1,500005,Q3,2023/1/1
steel_124,Q235C,RA9VXLL,GB/T 1122-2021,21,2500,7500,F5,2023/1/3,200002,Q1,2023/1/1
steel_125,Q345R(R-HIC),8YCRZ0U,GB/T 5050-2018,8,3500,7500,F8,2023/1/3,500005,Q3,2023/1/1
steel_126,Q245A,UZW1FL1,GB/T 4040-2019,21,2500,5000,F1,2023/1/1,200002,Q10,2023/7/1
steel_127,Q235D,IUIEMCP,GB/T 3050-2020,25,2700,7500,F5,2023/1/1,200002,Q7,2023/4/1
steel_128,Q235B,Q4IJWB6,GB/T 6060-2017,18,2500,5000,F7,2023/1/3,200002,Q4,2023/10/1
steel_129,Q345C,Z2JJXFC,GB/T 6060-2017,25,3500,11500,F4,2023/1/3,300003,Q8,2023/4/1
steel_130,Q345C,PGMZI45,GB/T 3050-2020,21,2700,5000,F6,2023/1/1,500005,Q3,2023/1/1
steel_131,Q345C,VEC3GU5,GB/T 5050-2018,20,2500,7500,F4,2023/1/1,500005,Q9,2023/4/1
steel_132,Q345R(R-HIC),FA1K4WR,GB/T 5050-2018,18,2500,7500,F7,2023/1/3,500005,Q6,2023/10/1
steel_133,Q235B,MYEHRT3,GB/T 2025-2015,15,2500,7500,F7,2023/1/3,200002,Q4,2023/10/1
steel_134,Q345R(R-HIC),3HEYBFO,GB/T 6060-2017,10,2500,5000,F7,2023/1/3,300003,Q11,2023/7/1
steel_135,Q235C,SLFOJTB,GB/T 2025-2015,18,3500,7500,F2,2023/1/2,200002,Q1,2023/1/1
steel_136,Q345R(R-HIC),04IDY93,GB/T 6060-2017,15,2700,7500,F8,2023/1/3,500005,Q12,2023/7/1
steel_137,Q235B,NWI1M3X,GB/T 4040-2019,21,2700,7500,F3,2023/1/2,300003,Q8,2023/4/1
steel_138,Q235B,0R5F5QR,GB/T 4040-2019,25,2700,7500,F4,2023/1/1,300003,Q5,2023/10/1
steel_139,Q235C,OM5MEKI,GB/T 1122-2021,20,2700,7500,F5,2023/1/1,300003,Q2,2023/1/1
steel_140,Q235B,C9ZB19I,GB/T 2025-2015,8,2500,7500,F2,2023/1/3,500005,Q9,2023/4/1
steel_141,Q245A,C88GXCR,GB/T 3050-2020,15,2500,7500,F5,2023/1/1,300003,Q2,2023/1/1
steel_142,Q235B,6X5GTA2,GB/T 2025-2015,8,2700,7500,F3,2023/1/1,300003,Q11,2023/7/1
steel_143,Q345C,C88GXCR,GB/T 3050-2020,20,3500,7500,F3,2023/1/1,200002,Q1,2023/1/1
steel_144,Q245A,5P5OJE5,GB/T 5050-2018,21,2500,5000,F6,2023/1/1,200002,Q7,2023/4/1
steel_145,Q245A,D258TC6,GB/T 2025-2015,25,2500,5000,F7,2023/1/2,300003,Q11,2023/7/1
steel_146,Q235C,G538PC9,GB/T 5050-2018,16,2700,5000,F8,2023/1/2,300003,Q11,2023/7/1
steel_147,Q345B,7Y5SPMH,GB/T 4040-2019,25,3500,5000,F6,2023/1/3,200002,Q7,2023/4/1
steel_148,Q345B,SS5F6F1,GB/T 4040-2019,25,2500,7500,F1,2023/1/3,200002,Q10,2023/7/1
steel_149,Q235B,1K5BJFG,GB/T 1122-2021,15,2700,7500,F2,2023/1/3,200002,Q10,2023/7/1
steel_150,Q245A,DIKE2AD,GB/T 2025-2015,21,3500,5000,F2,2023/1/1,500005,Q12,2023/7/1
steel_151,Q345B,VEC3GU5,GB/T 5050-2018,15,2500,11500,F8,2023/1/1,500005,Q6,2023/10/1
steel_152,Q345B,0MVYTA0,GB/T 3050-2020,15,2500,5000,F3,2023/1/2,200002,Q1,2023/1/1
steel_153,Q235B,J6RT5EK,GB/T 4040-2019,20,2700,7500,F5,2023/1/2,300003,Q11,2023/7/1
steel_154,Q345B,QWEFIIX,GB/T 4040-2019,15,3500,7500,F2,2023/1/3,200002,Q10,2023/7/1
steel_155,Q345R(R-HIC),ZXN6F8S,GB/T 3050-2020,20,2500,7500,F8,2023/1/2,500005,Q6,2023/10/1
steel_156,Q235D,SECBIFE,GB/T 5050-2018,18,2700,5000,F2,2023/1/2,300003,Q5,2023/10/1
steel_157,Q235C,OYJ1KIP,GB/T 5050-2018,18,2700,7500,F2,2023/1/2,500005,Q3,2023/1/1
steel_158,Q235D,H60UCIF,GB/T 2025-2015,16,2700,7500,F7,2023/1/2,300003,Q5,2023/10/1
steel_159,Q235B,D258TC6,GB/T 2025-2015,18,2700,11500,F1,2023/1/2,500005,Q9,2023/4/1
steel_160,Q345C,NXITJH4,GB/T 6060-2017,18,2700,7500,F7,2023/1/3,300003,Q11,2023/7/1
steel_161,Q235C,DF8AJZJ,GB/T 6060-2017,18,2700,11500,F1,2023/1/3,300003,Q11,2023/7/1
steel_162,Q235B,Z54FGX4,GB/T 1122-2021,16,2700,5000,F2,2023/1/2,300003,Q2,2023/1/1
steel_163,Q245A,O2X92JX,GB/T 4040-2019,8,2700,7500,F6,2023/1/3,300003,Q5,2023/10/1
steel_164,Q345C,95RCE0K,GB/T 2025-2015,18,2700,7500,F5,2023/1/1,500005,Q9,2023/4/1
steel_165,Q235D,RA9VXLL,GB/T 5050-2018,10,3500,7500,F3,2023/1/2,500005,Q3,2023/1/1
steel_166,Q235B,NWI1M3X,GB/T 3050-2020,20,2500,5000,F2,2023/1/1,300003,Q5,2023/10/1
steel_167,Q245A,RUB4SJD,GB/T 5050-2018,20,2700,7500,F1,2023/1/3,300003,Q8,2023/4/1
steel_168,Q235C,SS5F6F1,GB/T 4040-2019,16,2700,7500,F1,2023/1/3,500005,Q6,2023/10/1
steel_169,Q235C,UJVZH9X,GB/T 6060-2017,18,2500,7500,F1,2023/1/1,300003,Q5,2023/10/1
steel_170,Q245R(R-HIC),Q0CYXUI,GB/T 5050-2018,25,2700,5000,F2,2023/1/3,300003,Q5,2023/10/1
steel_171,Q245A,CCY29L2,GB/T 1122-2021,21,2700,7500,F8,2023/1/2,300003,Q8,2023/4/1
steel_172,Q345R(R-HIC),OYJ1KIP,GB/T 4040-2019,25,2500,5000,F6,2023/1/1,200002,Q4,2023/10/1
steel_173,Q345B,DIKE2AD,GB/T 6060-2017,21,2700,7500,F8,2023/1/2,300003,Q5,2023/10/1
steel_174,Q345C,TDOT4RG,GB/T 3050-2020,8,2500,7500,F3,2023/1/1,200002,Q1,2023/1/1
steel_175,Q245A,QK89HAW,GB/T 6060-2017,8,2500,7500,F2,2023/1/3,300003,Q2,2023/1/1
steel_176,Q245R(R-HIC),4M20CMN,GB/T 1122-2021,18,2700,7500,F1,2023/1/1,500005,Q9,2023/4/1
steel_177,Q345B,Y2387UN,GB/T 4040-2019,10,2500,7500,F6,2023/1/1,200002,Q7,2023/4/1
steel_178,Q345B,9TIL02C,GB/T 3050-2020,16,2700,11500,F6,2023/1/2,200002,Q4,2023/10/1
steel_179,Q235B,HDAB0E9,GB/T 1122-2021,16,2700,5000,F4,2023/1/3,300003,Q5,2023/10/1
steel_180,Q345B,6KPENAM,GB/T 6060-2017,18,3500,7500,F3,2023/1/2,300003,Q5,2023/10/1
steel_181,Q345R(R-HIC),SHL66DZ,GB/T 1122-2021,20,2700,7500,F5,2023/1/3,200002,Q10,2023/7/1
steel_182,Q235C,4H07DV0,GB/T 4040-2019,20,2500,7500,F5,2023/1/2,500005,Q3,2023/1/1
steel_183,Q245R(R-HIC),NWI1M3X,GB/T 2025-2015,18,2700,5000,F6,2023/1/1,500005,Q3,2023/1/1
steel_184,Q345B,MZOA1RK,GB/T 1122-2021,21,2500,7500,F2,2023/1/2,300003,Q2,2023/1/1
steel_185,Q235B,7HYE8DD,GB/T 1122-2021,16,2700,7500,F1,2023/1/3,500005,Q12,2023/7/1
steel_186,Q345R(R-HIC),IUIEMCP,GB/T 6060-2017,25,3500,5000,F1,2023/1/3,500005,Q3,2023/1/1
steel_187,Q235D,J6RT5EK,GB/T 6060-2017,8,2500,11500,F6,2023/1/1,300003,Q11,2023/7/1
steel_188,Q235C,95IQ4Z7,GB/T 3050-2020,25,2700,5000,F8,2023/1/3,500005,Q3,2023/1/1
steel_189,Q235C,B04H2H3,GB/T 6060-2017,20,2700,7500,F3,2023/1/2,300003,Q5,2023/10/1
steel_190,Q245R(R-HIC),9W9W7HZ,GB/T 5050-2018,16,3500,5000,F1,2023/1/1,200002,Q4,2023/10/1
steel_191,Q235C,KRVFHUF,GB/T 4040-2019,10,2700,5000,F6,2023/1/3,300003,Q2,2023/1/1
steel_192,Q345B,EGZ369S,GB/T 4040-2019,16,2500,11500,F1,2023/1/3,200002,Q1,2023/1/1
steel_193,Q235B,28F5IXF,GB/T 2025-2015,10,2700,7500,F5,2023/1/2,200002,Q10,2023/7/1
steel_194,Q235C,91N3B13,GB/T 2025-2015,10,2500,7500,F6,2023/1/2,500005,Q6,2023/10/1
steel_195,Q235C,72KYO7Z,GB/T 4040-2019,18,2700,5000,F3,2023/1/1,500005,Q9,2023/4/1
steel_196,Q235D,CQMGZVJ,GB/T 2025-2015,18,3500,7500,F6,2023/1/3,500005,Q3,2023/1/1
steel_197,Q235D,JGW5Z76,GB/T 3050-2020,20,2700,7500,F4,2023/1/2,300003,Q8,2023/4/1
steel_198,Q345C,UEA5MQ2,GB/T 6060-2017,25,3500,7500,F6,2023/1/1,500005,Q3,2023/1/1
steel_199,Q345R(R-HIC),WXJG952,GB/T 4040-2019,18,2500,5000,F6,2023/1/3,200002,Q4,2023/10/1
steel_200,Q345B,I6ER7SC,GB/T 2025-2015,18,2700,7500,F2,2023/1/3,500005,Q3,2023/1/1
steel_201,Q235C,PGMZI45,GB/T 4040-2019,8,2700,7500,F5,2023/1/1,500005,Q6,2023/10/1
steel_202,Q245A,CWGB0TK,GB/T 5050-2018,20,2500,7500,F3,2023/1/1,300003,Q11,2023/7/1
steel_203,Q235C,8N3UMZC,GB/T 1122-2021,16,3500,5000,F2,2023/1/2,300003,Q2,2023/1/1
steel_204,Q235B,SLFOJTB,GB/T 6060-2017,25,2500,7500,F6,2023/1/3,200002,Q4,2023/10/1
steel_205,Q345C,1VQRKL1,GB/T 4040-2019,21,2700,7500,F3,2023/1/3,300003,Q8,2023/4/1
steel_206,Q345R(R-HIC),X2ATOY2,GB/T 1122-2021,18,2700,7500,F4,2023/1/3,500005,Q3,2023/1/1
steel_207,Q245A,UZW1FL1,GB/T 2025-2015,8,2700,5000,F3,2023/1/1,300003,Q11,2023/7/1
steel_208,Q345C,91N3B13,GB/T 1122-2021,21,2500,11500,F1,2023/1/2,200002,Q7,2023/4/1
steel_209,Q245R(R-HIC),SNAUE12,GB/T 6060-2017,21,2700,5000,F2,2023/1/3,500005,Q3,2023/1/1
steel_210,Q345R(R-HIC),S85NKSK,GB/T 4040-2019,10,2700,7500,F3,2023/1/1,200002,Q4,2023/10/1
steel_211,Q235C,9KO3JBE,GB/T 5050-2018,15,3500,7500,F5,2023/1/3,300003,Q5,2023/10/1
steel_212,Q235C,3W69200,GB/T 2025-2015,21,2700,5000,F4,2023/1/2,300003,Q8,2023/4/1
steel_213,Q345R(R-HIC),64ZVC5J,GB/T 4040-2019,10,2500,7500,F7,2023/1/3,200002,Q7,2023/4/1
steel_214,Q235C,QRL62Q2,GB/T 6060-2017,25,2700,5000,F6,2023/1/2,500005,Q3,2023/1/1
steel_215,Q345B,0R5F5QR,GB/T 2025-2015,16,2700,7500,F3,2023/1/2,300003,Q11,2023/7/1
steel_216,Q345R(R-HIC),X89IA6L,GB/T 3050-2020,8,2700,11500,F6,2023/1/3,300003,Q5,2023/10/1
steel_217,Q345C,8CZMUEA,GB/T 1122-2021,21,2700,7500,F8,2023/1/3,500005,Q6,2023/10/1
steel_218,Q345R(R-HIC),AJ6P2QV,GB/T 6060-2017,15,3500,5000,F1,2023/1/2,300003,Q5,2023/10/1
steel_219,Q245A,D258TC6,GB/T 3050-2020,18,2700,7500,F2,2023/1/1,200002,Q10,2023/7/1
steel_220,Q235C,MYEHRT3,GB/T 4040-2019,8,2700,7500,F1,2023/1/2,300003,Q8,2023/4/1
steel_221,Q345B,3KX4URW,GB/T 5050-2018,8,2500,7500,F8,2023/1/3,300003,Q2,2023/1/1
steel_222,Q345B,8SB016D,GB/T 2025-2015,20,2500,7500,F8,2023/1/3,500005,Q12,2023/7/1
steel_223,Q245R(R-HIC),3HEYBFO,GB/T 1122-2021,18,2500,7500,F2,2023/1/1,200002,Q7,2023/4/1
steel_224,Q345C,O1HPDT0,GB/T 2025-2015,18,2500,7500,F3,2023/1/2,500005,Q3,2023/1/1
steel_225,Q235D,OLSFJE7,GB/T 4040-2019,21,2700,7500,F8,2023/1/2,300003,Q8,2023/4/1
steel_226,Q235D,J7251CH,GB/T 2025-2015,20,2700,5000,F7,2023/1/2,300003,Q5,2023/10/1
steel_227,Q345R(R-HIC),2IX13U8,GB/T 1122-2021,10,2700,7500,F6,2023/1/3,500005,Q12,2023/7/1
steel_228,Q245R(R-HIC),621MUFR,GB/T 4040-2019,15,2700,7500,F6,2023/1/2,500005,Q12,2023/7/1
steel_229,Q235B,U2AOHRV,GB/T 2025-2015,25,3500,7500,F4,2023/1/1,500005,Q9,2023/4/1
steel_230,Q345R(R-HIC),V9JRFBM,GB/T 5050-2018,21,2700,7500,F5,2023/1/3,200002,Q4,2023/10/1
steel_231,Q245R(R-HIC),XN9SJHS,GB/T 6060-2017,18,2700,7500,F8,2023/1/3,300003,Q2,2023/1/1
steel_232,Q345C,SS5F6F1,GB/T 4040-2019,10,2700,5000,F8,2023/1/2,500005,Q12,2023/7/1
steel_233,Q345C,IOKUB9A,GB/T 6060-2017,15,2700,7500,F7,2023/1/1,300003,Q8,2023/4/1
steel_234,Q345C,H60UCIF,GB/T 4040-2019,20,2500,7500,F1,2023/1/3,200002,Q7,2023/4/1
steel_235,Q345C,4M20CMN,GB/T 5050-2018,21,2700,7500,F1,2023/1/3,200002,Q10,2023/7/1
steel_236,Q345C,8RXJ5IT,GB/T 6060-2017,20,3500,5000,F6,2023/1/2,200002,Q10,2023/7/1
steel_237,Q245R(R-HIC),P2ML9R2,GB/T 3050-2020,21,2700,5000,F6,2023/1/2,200002,Q1,2023/1/1
steel_238,Q245R(R-HIC),KQ891BC,GB/T 1122-2021,21,2500,5000,F3,2023/1/1,300003,Q11,2023/7/1
steel_239,Q345B,0DR6RNC,GB/T 3050-2020,8,2700,7500,F2,2023/1/2,200002,Q1,2023/1/1
steel_240,Q245A,KHE3W7A,GB/T 2025-2015,16,2700,5000,F5,2023/1/1,200002,Q7,2023/4/1
steel_241,Q235D,FJO3YY7,GB/T 5050-2018,10,2500,7500,F7,2023/1/3,500005,Q9,2023/4/1
steel_242,Q235C,B94WQ6E,GB/T 3050-2020,10,2700,11500,F2,2023/1/1,200002,Q1,2023/1/1
steel_243,Q345C,D373K6W,GB/T 4040-2019,21,3500,5000,F2,2023/1/1,500005,Q9,2023/4/1
steel_244,Q235B,MFVA0DI,GB/T 2025-2015,16,2700,7500,F4,2023/1/1,200002,Q7,2023/4/1
steel_245,Q235C,A2JOJE7,GB/T 2025-2015,18,2500,7500,F2,2023/1/3,200002,Q10,2023/7/1
steel_246,Q245R(R-HIC),P2ML9R2,GB/T 3050-2020,10,2700,11500,F4,2023/1/2,500005,Q12,2023/7/1
steel_247,Q235B,UZW1FL1,GB/T 3050-2020,15,3500,7500,F2,2023/1/3,200002,Q1,2023/1/1
steel_248,Q235B,SLFOJTB,GB/T 5050-2018,10,2700,7500,F7,2023/1/2,300003,Q5,2023/10/1
steel_249,Q235B,VPTJZUD,GB/T 1122-2021,10,2500,7500,F4,2023/1/1,300003,Q11,2023/7/1
steel_250,Q345B,SGLV0IX,GB/T 3050-2020,20,2700,7500,F1,2023/1/1,200002,Q7,2023/4/1
steel_251,Q245R(R-HIC),BRM0WHW,GB/T 3050-2020,10,2700,7500,F4,2023/1/1,300003,Q5,2023/10/1
steel_252,Q235B,LJ8ZEUF,GB/T 6060-2017,20,2700,5000,F4,2023/1/1,500005,Q3,2023/1/1
steel_253,Q345C,G538PC9,GB/T 4040-2019,8,2700,11500,F7,2023/1/1,200002,Q10,2023/7/1
steel_254,Q345R(R-HIC),SNAUE12,GB/T 6060-2017,8,2500,7500,F7,2023/1/2,200002,Q4,2023/10/1
steel_255,Q235B,NPTQH1M,GB/T 6060-2017,10,3500,7500,F4,2023/1/2,500005,Q3,2023/1/1
steel_256,Q345B,YKSG0LB,GB/T 2025-2015,18,2500,5000,F5,2023/1/1,500005,Q3,2023/1/1
steel_257,Q235C,91N3B13,GB/T 1122-2021,20,2700,7500,F8,2023/1/3,500005,Q6,2023/10/1
steel_258,Q245R(R-HIC),7LNYVFN,GB/T 4040-2019,16,2500,5000,F5,2023/1/3,200002,Q7,2023/4/1
steel_259,Q245A,AJ6P2QV,GB/T 5050-2018,16,2700,7500,F7,2023/1/1,500005,Q6,2023/10/1
steel_260,Q345B,7SM6KVU,GB/T 5050-2018,20,2700,7500,F5,2023/1/2,500005,Q12,2023/7/1
steel_261,Q235B,7ZQ98XH,GB/T 3050-2020,8,2700,5000,F5,2023/1/3,300003,Q8,2023/4/1
steel_262,Q245R(R-HIC),HDAB0E9,GB/T 3050-2020,15,2500,7500,F3,2023/1/3,300003,Q5,2023/10/1
steel_263,Q345R(R-HIC),UJVZH9X,GB/T 5050-2018,21,2700,7500,F3,2023/1/3,200002,Q7,2023/4/1
steel_264,Q235B,0QN1TJ2,GB/T 3050-2020,18,2500,7500,F1,2023/1/1,300003,Q11,2023/7/1
steel_265,Q345B,RTH5WLX,GB/T 1122-2021,15,2700,7500,F2,2023/1/3,300003,Q11,2023/7/1
steel_266,Q235D,0MVYTA0,GB/T 6060-2017,25,3500,5000,F4,2023/1/3,500005,Q6,2023/10/1
steel_267,Q345C,9E3B5FE,GB/T 3050-2020,21,2500,5000,F8,2023/1/3,500005,Q12,2023/7/1
steel_268,Q245A,BTCXT0R,GB/T 2025-2015,10,2700,5000,F1,2023/1/3,300003,Q11,2023/7/1
steel_269,Q235C,YHR7IB4,GB/T 3050-2020,20,2700,11500,F4,2023/1/2,300003,Q5,2023/10/1
steel_270,Q345B,YHR7IB4,GB/T 4040-2019,18,2500,5000,F5,2023/1/1,300003,Q11,2023/7/1
steel_271,Q245R(R-HIC),VOV2BEQ,GB/T 1122-2021,16,2700,7500,F7,2023/1/1,200002,Q7,2023/4/1
steel_272,Q245A,CWGB0TK,GB/T 4040-2019,15,2700,5000,F3,2023/1/2,200002,Q4,2023/10/1
steel_273,Q245A,0DR6RNC,GB/T 4040-2019,15,2700,7500,F6,2023/1/2,200002,Q4,2023/10/1
steel_274,Q245A,4LDID7Q,GB/T 2025-2015,18,2500,7500,F8,2023/1/1,300003,Q2,2023/1/1
steel_275,Q235B,8N3UMZC,GB/T 1122-2021,16,2700,7500,F5,2023/1/3,300003,Q2,2023/1/1
steel_276,Q345C,EPNG3F3,GB/T 1122-2021,21,2700,5000,F6,2023/1/3,200002,Q10,2023/7/1
steel_277,Q235B,RA9VXLL,GB/T 1122-2021,20,2700,7500,F3,2023/1/1,200002,Q4,2023/10/1
steel_278,Q245R(R-HIC),M1UPZ3Y,GB/T 1122-2021,8,2700,7500,F5,2023/1/3,300003,Q2,2023/1/1
steel_279,Q235B,C88GXCR,GB/T 1122-2021,20,2700,5000,F2,2023/1/2,500005,Q3,2023/1/1
steel_280,Q235D,UZW1FL1,GB/T 2025-2015,10,2500,5000,F2,2023/1/3,200002,Q7,2023/4/1
steel_281,Q345C,87STL9J,GB/T 3050-2020,18,2500,7500,F6,2023/1/3,300003,Q8,2023/4/1
steel_282,Q345C,Q4IJWB6,GB/T 4040-2019,20,3500,7500,F7,2023/1/3,300003,Q2,2023/1/1
steel_283,Q245R(R-HIC),ROGBOID,GB/T 1122-2021,10,2500,7500,F5,2023/1/1,500005,Q6,2023/10/1
steel_284,Q235C,FA1K4WR,GB/T 3050-2020,16,3500,7500,F4,2023/1/2,300003,Q11,2023/7/1
steel_285,Q235D,CYXIRMO,GB/T 3050-2020,10,2700,7500,F5,2023/1/3,300003,Q11,2023/7/1
steel_286,Q345B,JTJ5X69,GB/T 4040-2019,8,2500,7500,F7,2023/1/1,200002,Q10,2023/7/1
steel_287,Q235B,3WKN3HU,GB/T 2025-2015,15,2500,7500,F5,2023/1/3,200002,Q4,2023/10/1
steel_288,Q345R(R-HIC),IUIEMCP,GB/T 5050-2018,15,2500,7500,F6,2023/1/2,500005,Q9,2023/4/1
steel_289,Q235B,7SM6KVU,GB/T 5050-2018,25,3500,7500,F7,2023/1/3,500005,Q6,2023/10/1
steel_290,Q245A,B3L02BV,GB/T 3050-2020,16,2700,7500,F3,2023/1/2,300003,Q11,2023/7/1
steel_291,Q235B,4K4TR0M,GB/T 6060-2017,15,2700,5000,F8,2023/1/3,200002,Q1,2023/1/1
steel_292,Q345B,OMYQBHG,GB/T 6060-2017,18,2500,7500,F7,2023/1/2,500005,Q12,2023/7/1
steel_293,Q235B,S72FQGP,GB/T 4040-2019,8,2500,5000,F5,2023/1/3,500005,Q9,2023/4/1
steel_294,Q235D,50IHPKL,GB/T 5050-2018,25,2700,7500,F3,2023/1/2,500005,Q3,2023/1/1
steel_295,Q235D,6P33R3B,GB/T 3050-2020,20,2500,7500,F8,2023/1/3,300003,Q8,2023/4/1
steel_296,Q345C,SS5F6F1,GB/T 2025-2015,20,2700,7500,F2,2023/1/3,200002,Q4,2023/10/1
steel_297,Q245R(R-HIC),UJVZH9X,GB/T 5050-2018,10,2700,5000,F4,2023/1/1,500005,Q9,2023/4/1
steel_298,Q235C,ZE9E4AH,GB/T 3050-2020,16,2700,7500,F6,2023/1/1,200002,Q10,2023/7/1
steel_299,Q345R(R-HIC),S12UU4J,GB/T 3050-2020,16,2700,7500,F5,2023/1/2,500005,Q6,2023/10/1
steel_300,Q245A,TDOT4RG,GB/T 1122-2021,21,2700,5000,F5,2023/1/3,500005,Q3,2023/1/1
steel_301,Q235B,ROGBOID,GB/T 2025-2015,8,3500,5000,F2,2023/1/2,200002,Q4,2023/10/1
steel_302,Q235B,RUB4SJD,GB/T 1122-2021,15,2700,5000,F4,2023/1/1,200002,Q10,2023/7/1
steel_303,Q345B,VANO5B8,GB/T 4040-2019,25,2500,5000,F2,2023/1/2,200002,Q1,2023/1/1
steel_304,Q245R(R-HIC),7ZQ98XH,GB/T 1122-2021,16,2700,5000,F1,2023/1/2,300003,Q2,2023/1/1
steel_305,Q235D,P00VUNJ,GB/T 1122-2021,16,2500,5000,F2,2023/1/1,500005,Q12,2023/7/1
steel_306,Q345R(R-HIC),P00VUNJ,GB/T 5050-2018,8,2500,5000,F3,2023/1/3,300003,Q5,2023/10/1
steel_307,Q345C,J7251CH,GB/T 6060-2017,25,3500,7500,F8,2023/1/2,200002,Q1,2023/1/1
steel_308,Q235D,8MKPONK,GB/T 3050-2020,8,2700,7500,F5,2023/1/1,500005,Q12,2023/7/1
steel_309,Q245A,CWGB0TK,GB/T 2025-2015,20,3500,11500,F2,2023/1/3,300003,Q11,2023/7/1
steel_310,Q245R(R-HIC),18L9LKP,GB/T 1122-2021,21,2700,7500,F5,2023/1/1,500005,Q6,2023/10/1
steel_311,Q245A,D258TC6,GB/T 2025-2015,10,2700,7500,F7,2023/1/2,300003,Q2,2023/1/1
steel_312,Q235C,DIKDCW1,GB/T 6060-2017,20,2500,7500,F4,2023/1/3,200002,Q10,2023/7/1
steel_313,Q345C,QDJJL28,GB/T 6060-2017,8,2500,7500,F2,2023/1/3,300003,Q2,2023/1/1
steel_314,Q235C,0MVYTA0,GB/T 1122-2021,10,2700,7500,F8,2023/1/1,500005,Q6,2023/10/1
steel_315,Q345B,0DR6RNC,GB/T 4040-2019,21,2700,7500,F3,2023/1/1,500005,Q12,2023/7/1
steel_316,Q245A,YQF68EE,GB/T 1122-2021,21,2700,5000,F1,2023/1/1,500005,Q12,2023/7/1
steel_317,Q345B,8IQWCMR,GB/T 5050-2018,18,2700,5000,F5,2023/1/3,500005,Q3,2023/1/1
steel_318,Q235B,LQN79VT,GB/T 3050-2020,16,2500,7500,F4,2023/1/3,200002,Q10,2023/7/1
steel_319,Q235C,D4YLR31,GB/T 4040-2019,10,2700,7500,F6,2023/1/2,300003,Q2,2023/1/1
steel_320,Q245R(R-HIC),HZXFXX0,GB/T 1122-2021,8,2700,5000,F8,2023/1/3,200002,Q7,2023/4/1
steel_321,Q245A,04IDY93,GB/T 2025-2015,8,2500,11500,F6,2023/1/2,200002,Q7,2023/4/1
steel_322,Q345R(R-HIC),UEA5MQ2,GB/T 4040-2019,10,2700,7500,F8,2023/1/1,200002,Q7,2023/4/1
steel_323,Q345C,VEC3GU5,GB/T 4040-2019,15,2700,7500,F8,2023/1/1,500005,Q12,2023/7/1
steel_324,Q235D,PWR6GA7,GB/T 1122-2021,16,2500,11500,F3,2023/1/3,500005,Q3,2023/1/1
steel_325,Q245R(R-HIC),HC01IZP,GB/T 4040-2019,15,2700,7500,F3,2023/1/1,500005,Q6,2023/10/1
steel_326,Q245R(R-HIC),S12UU4J,GB/T 2025-2015,10,3500,11500,F3,2023/1/1,300003,Q2,2023/1/1
steel_327,Q345B,VPTJZUD,GB/T 6060-2017,16,2500,7500,F2,2023/1/3,500005,Q12,2023/7/1
steel_328,Q235C,X89IA6L,GB/T 4040-2019,21,2700,5000,F7,2023/1/2,300003,Q11,2023/7/1
steel_329,Q245A,O1HPDT0,GB/T 6060-2017,10,2500,7500,F8,2023/1/3,500005,Q12,2023/7/1
steel_330,Q245A,P4HCFYR,GB/T 2025-2015,25,2700,7500,F4,2023/1/2,500005,Q12,2023/7/1
steel_331,Q235B,ZAO3KZP,GB/T 1122-2021,25,2700,7500,F6,2023/1/3,200002,Q7,2023/4/1
steel_332,Q235B,D4YLR31,GB/T 3050-2020,10,2500,11500,F3,2023/1/3,200002,Q7,2023/4/1
steel_333,Q345C,PGMZI45,GB/T 4040-2019,21,2500,7500,F2,2023/1/1,200002,Q4,2023/10/1
steel_334,Q345B,PWR6GA7,GB/T 3050-2020,18,2700,7500,F3,2023/1/3,300003,Q8,2023/4/1
steel_335,Q245R(R-HIC),TXMSCFY,GB/T 2025-2015,18,2700,7500,F6,2023/1/3,300003,Q8,2023/4/1
steel_336,Q245A,Z2JJXFC,GB/T 4040-2019,16,2700,7500,F6,2023/1/2,500005,Q12,2023/7/1
steel_337,Q345R(R-HIC),04IDY93,GB/T 6060-2017,16,2500,7500,F5,2023/1/1,300003,Q8,2023/4/1
steel_338,Q345B,7IX24X6,GB/T 5050-2018,16,3500,7500,F8,2023/1/2,500005,Q6,2023/10/1
steel_339,Q345C,8EGBJL9,GB/T 3050-2020,18,2700,5000,F3,2023/1/2,300003,Q8,2023/4/1
steel_340,Q345C,P4HCFYR,GB/T 4040-2019,18,3500,7500,F6,2023/1/1,300003,Q5,2023/10/1
steel_341,Q345B,VEC3GU5,GB/T 3050-2020,20,2500,7500,F7,2023/1/1,300003,Q2,2023/1/1
steel_342,Q345C,O1HPDT0,GB/T 4040-2019,18,2700,7500,F7,2023/1/1,200002,Q10,2023/7/1
steel_343,Q345B,H3QO1NG,GB/T 1122-2021,20,2700,7500,F3,2023/1/3,300003,Q5,2023/10/1
steel_344,Q235D,6UHG5WG,GB/T 6060-2017,8,2700,7500,F2,2023/1/1,200002,Q1,2023/1/1
steel_345,Q345B,M1UPZ3Y,GB/T 3050-2020,10,2700,7500,F6,2023/1/1,200002,Q10,2023/7/1
steel_346,Q235C,Y4WDXCG,GB/T 5050-2018,21,2500,7500,F5,2023/1/1,300003,Q11,2023/7/1
steel_347,Q345B,7ZQ98XH,GB/T 5050-2018,15,2700,5000,F8,2023/1/2,500005,Q12,2023/7/1
steel_348,Q345C,SGT2BRK,GB/T 2025-2015,8,2700,5000,F8,2023/1/2,500005,Q6,2023/10/1
steel_349,Q245A,S1LBNWS,GB/T 4040-2019,10,2500,5000,F2,2023/1/3,500005,Q9,2023/4/1
steel_350,Q235C,KTQMRXF,GB/T 3050-2020,10,2700,7500,F5,2023/1/2,300003,Q8,2023/4/1
steel_351,Q345C,XUOHVM1,GB/T 2025-2015,25,2700,7500,F8,2023/1/3,500005,Q6,2023/10/1
steel_352,Q235B,CWGB0TK,GB/T 3050-2020,18,2500,7500,F5,2023/1/2,200002,Q7,2023/4/1
steel_353,Q235B,QK89HAW,GB/T 4040-2019,25,3500,7500,F1,2023/1/1,500005,Q6,2023/10/1
steel_354,Q245A,AJK6SED,GB/T 5050-2018,18,3500,7500,F3,2023/1/2,300003,Q5,2023/10/1
steel_355,Q245A,VEC3GU5,GB/T 1122-2021,16,2700,5000,F8,2023/1/3,500005,Q3,2023/1/1
steel_356,Q235C,R3X73GM,GB/T 5050-2018,15,2500,7500,F7,2023/1/2,200002,Q7,2023/4/1
steel_357,Q235D,8EGBJL9,GB/T 2025-2015,18,2700,7500,F6,2023/1/1,300003,Q5,2023/10/1
steel_358,Q245A,BW645ZG,GB/T 6060-2017,8,2700,5000,F5,2023/1/3,500005,Q12,2023/7/1
steel_359,Q235B,3WKN3HU,GB/T 1122-2021,25,2500,5000,F5,2023/1/1,300003,Q5,2023/10/1
steel_360,Q345B,YKSG0LB,GB/T 2025-2015,21,2700,5000,F4,2023/1/1,300003,Q8,2023/4/1
steel_361,Q345C,9E3B5FE,GB/T 4040-2019,15,2700,5000,F2,2023/1/3,300003,Q5,2023/10/1
steel_362,Q235B,3KX4URW,GB/T 1122-2021,25,2700,7500,F4,2023/1/1,500005,Q6,2023/10/1
steel_363,Q235B,UZW1FL1,GB/T 2025-2015,21,2700,5000,F8,2023/1/1,300003,Q8,2023/4/1
steel_364,Q235D,UILQU2Z,GB/T 4040-2019,20,2700,7500,F4,2023/1/2,500005,Q6,2023/10/1
steel_365,Q235C,K5POY1K,GB/T 5050-2018,8,3500,7500,F4,2023/1/1,200002,Q4,2023/10/1
steel_366,Q235C,DUFOY38,GB/T 6060-2017,16,2700,7500,F1,2023/1/1,500005,Q12,2023/7/1
steel_367,Q245R(R-HIC),SNAUE12,GB/T 4040-2019,16,2700,11500,F5,2023/1/1,200002,Q7,2023/4/1
steel_368,Q235D,DIKE2AD,GB/T 3050-2020,10,3500,7500,F7,2023/1/1,500005,Q3,2023/1/1
steel_369,Q345B,8CZMUEA,GB/T 4040-2019,8,2700,7500,F2,2023/1/3,300003,Q2,2023/1/1
steel_370,Q235C,8YVXEKN,GB/T 4040-2019,21,2700,11500,F7,2023/1/2,500005,Q12,2023/7/1
steel_371,Q345C,Z2JJXFC,GB/T 6060-2017,8,2700,5000,F1,2023/1/1,300003,Q8,2023/4/1
steel_372,Q245A,DIKDCW1,GB/T 3050-2020,18,2700,11500,F1,2023/1/1,200002,Q7,2023/4/1
steel_373,Q235D,WM7J4YE,GB/T 2025-2015,25,2700,5000,F4,2023/1/3,500005,Q3,2023/1/1
steel_374,Q245A,7Y5SPMH,GB/T 2025-2015,25,2700,7500,F3,2023/1/1,300003,Q2,2023/1/1
steel_375,Q235B,7SM6KVU,GB/T 4040-2019,10,3500,5000,F5,2023/1/3,200002,Q4,2023/10/1
steel_376,Q345C,DIKE2AD,GB/T 3050-2020,21,2500,7500,F6,2023/1/2,200002,Q4,2023/10/1
steel_377,Q345C,SS5F6F1,GB/T 3050-2020,8,2500,7500,F5,2023/1/2,500005,Q9,2023/4/1
steel_378,Q235B,Q0CYXUI,GB/T 6060-2017,8,2700,7500,F6,2023/1/1,200002,Q7,2023/4/1
steel_379,Q235D,MZOA1RK,GB/T 5050-2018,18,2500,7500,F4,2023/1/1,300003,Q11,2023/7/1
steel_380,Q235B,S1LBNWS,GB/T 2025-2015,15,2500,7500,F6,2023/1/1,200002,Q4,2023/10/1
steel_381,Q245A,ZX876O0,GB/T 6060-2017,16,2500,5000,F1,2023/1/3,200002,Q1,2023/1/1
steel_382,Q245R(R-HIC),S1LBNWS,GB/T 1122-2021,18,2500,5000,F7,2023/1/1,300003,Q2,2023/1/1
steel_383,Q345C,XUOHVM1,GB/T 2025-2015,10,2500,11500,F6,2023/1/1,200002,Q4,2023/10/1
steel_384,Q345R(R-HIC),0P48PTI,GB/T 6060-2017,10,3500,7500,F5,2023/1/2,200002,Q10,2023/7/1
steel_385,Q345R(R-HIC),5FRBI23,GB/T 2025-2015,16,2500,7500,F2,2023/1/1,200002,Q10,2023/7/1
steel_386,Q245A,KVQZPCW,GB/T 5050-2018,20,2700,7500,F4,2023/1/2,200002,Q10,2023/7/1
steel_387,Q345B,5FRBI23,GB/T 1122-2021,18,2700,7500,F3,2023/1/1,300003,Q2,2023/1/1
steel_388,Q235C,WXJG952,GB/T 5050-2018,15,3500,7500,F4,2023/1/2,200002,Q1,2023/1/1
steel_389,Q235B,87X4DD2,GB/T 1122-2021,16,2500,5000,F8,2023/1/1,300003,Q5,2023/10/1
steel_390,Q235B,6X5GTA2,GB/T 4040-2019,10,3500,5000,F4,2023/1/2,200002,Q1,2023/1/1
steel_391,Q345B,EGZ369S,GB/T 6060-2017,8,2700,5000,F1,2023/1/3,200002,Q1,2023/1/1
steel_392,Q345B,5P5OJE5,GB/T 1122-2021,21,2700,7500,F7,2023/1/2,200002,Q7,2023/4/1
steel_393,Q245A,7HYE8DD,GB/T 5050-2018,10,2700,7500,F7,2023/1/2,200002,Q4,2023/10/1
steel_394,Q245A,M1UPZ3Y,GB/T 2025-2015,10,2700,7500,F2,2023/1/2,300003,Q5,2023/10/1
steel_395,Q345B,ZXN6F8S,GB/T 1122-2021,20,2500,7500,F6,2023/1/1,300003,Q5,2023/10/1
steel_396,Q345C,GAAGU24,GB/T 6060-2017,18,2700,7500,F1,2023/1/1,300003,Q11,2023/7/1
steel_397,Q245A,621MUFR,GB/T 1122-2021,20,2700,7500,F8,2023/1/1,500005,Q6,2023/10/1
steel_398,Q245R(R-HIC),BT04J6X,GB/T 3050-2020,10,2700,7500,F1,2023/1/3,200002,Q4,2023/10/1
steel_399,Q245A,IUIEMCP,GB/T 2025-2015,10,3500,5000,F4,2023/1/3,200002,Q1,2023/1/1
steel_400,Q235B,HPMHZJ4,GB/T 6060-2017,10,2500,5000,F1,2023/1/2,300003,Q8,2023/4/1
steel_401,Q245A,5P5OJE5,GB/T 6060-2017,10,3500,7500,F1,2023/1/3,500005,Q9,2023/4/1
steel_402,Q345C,GCRHTSK,GB/T 4040-2019,20,2500,7500,F2,2023/1/2,200002,Q10,2023/7/1
steel_403,Q345B,G538PC9,GB/T 5050-2018,21,2500,7500,F8,2023/1/2,300003,Q8,2023/4/1
steel_404,Q235B,KBCEYCI,GB/T 4040-2019,20,2500,5000,F4,2023/1/2,200002,Q7,2023/4/1
steel_405,Q245A,RA9VXLL,GB/T 6060-2017,21,2500,7500,F3,2023/1/3,200002,Q7,2023/4/1
steel_406,Q345C,7ZQ98XH,GB/T 2025-2015,16,2700,5000,F2,2023/1/1,300003,Q11,2023/7/1
steel_407,Q245R(R-HIC),NXITJH4,GB/T 1122-2021,20,2500,5000,F3,2023/1/3,300003,Q11,2023/7/1
steel_408,Q245A,TDOT4RG,GB/T 1122-2021,15,2500,7500,F2,2023/1/2,200002,Q10,2023/7/1
steel_409,Q345C,95IQ4Z7,GB/T 2025-2015,18,3500,7500,F7,2023/1/2,200002,Q4,2023/10/1
steel_410,Q245R(R-HIC),3W69200,GB/T 6060-2017,16,2700,7500,F5,2023/1/3,300003,Q2,2023/1/1
steel_411,Q345B,3WKN3HU,GB/T 1122-2021,10,2700,7500,F2,2023/1/2,200002,Q7,2023/4/1
steel_412,Q245A,P2ML9R2,GB/T 1122-2021,16,3500,7500,F6,2023/1/2,200002,Q4,2023/10/1
steel_413,Q245R(R-HIC),4LDID7Q,GB/T 1122-2021,25,2700,7500,F1,2023/1/3,300003,Q11,2023/7/1
steel_414,Q235B,J0ZR697,GB/T 5050-2018,10,2500,5000,F7,2023/1/3,200002,Q7,2023/4/1
steel_415,Q345B,MNGEAXH,GB/T 5050-2018,8,2700,7500,F8,2023/1/3,200002,Q7,2023/4/1
steel_416,Q235B,WXJG952,GB/T 3050-2020,16,2700,7500,F3,2023/1/2,500005,Q9,2023/4/1
steel_417,Q345R(R-HIC),5USN2VI,GB/T 4040-2019,21,2500,7500,F5,2023/1/2,300003,Q11,2023/7/1
steel_418,Q235D,KHE3W7A,GB/T 2025-2015,18,2700,7500,F5,2023/1/1,500005,Q9,2023/4/1
steel_419,Q245A,Z2JJXFC,GB/T 2025-2015,20,2500,5000,F2,2023/1/1,500005,Q12,2023/7/1
steel_420,Q245R(R-HIC),D258TC6,GB/T 2025-2015,10,2500,7500,F1,2023/1/3,500005,Q9,2023/4/1
steel_421,Q235D,N74PCTP,GB/T 3050-2020,18,2700,7500,F8,2023/1/1,200002,Q7,2023/4/1
steel_422,Q235D,RVTOQZG,GB/T 5050-2018,15,2700,7500,F6,2023/1/2,200002,Q10,2023/7/1
steel_423,Q245R(R-HIC),8RXJ5IT,GB/T 6060-2017,21,2700,7500,F8,2023/1/1,500005,Q3,2023/1/1
steel_424,Q345B,3HEYBFO,GB/T 6060-2017,18,2700,7500,F1,2023/1/2,500005,Q3,2023/1/1
steel_425,Q245A,F5SGWDY,GB/T 3050-2020,10,2500,7500,F6,2023/1/3,500005,Q3,2023/1/1
steel_426,Q345R(R-HIC),3MBJKIE,GB/T 6060-2017,8,2500,7500,F8,2023/1/3,200002,Q1,2023/1/1
steel_427,Q235B,FJO3YY7,GB/T 2025-2015,8,3500,5000,F6,2023/1/2,500005,Q12,2023/7/1
steel_428,Q345C,MTTD9XI,GB/T 4040-2019,15,2700,7500,F2,2023/1/1,500005,Q6,2023/10/1
steel_429,Q235B,5P5OJE5,GB/T 1122-2021,10,2500,7500,F2,2023/1/3,300003,Q8,2023/4/1
steel_430,Q345C,Y4WDXCG,GB/T 5050-2018,20,2700,11500,F1,2023/1/3,300003,Q11,2023/7/1
steel_431,Q235B,KHE3W7A,GB/T 5050-2018,16,2500,7500,F1,2023/1/1,200002,Q10,2023/7/1
steel_432,Q245R(R-HIC),5BQX6VN,GB/T 3050-2020,10,2700,7500,F6,2023/1/1,300003,Q11,2023/7/1
steel_433,Q345R(R-HIC),RA9VXLL,GB/T 5050-2018,8,2500,7500,F4,2023/1/2,300003,Q2,2023/1/1
steel_434,Q245A,MZOA1RK,GB/T 2025-2015,8,2700,7500,F7,2023/1/1,300003,Q5,2023/10/1
steel_435,Q345C,FA1K4WR,GB/T 6060-2017,21,2700,7500,F5,2023/1/1,200002,Q4,2023/10/1
steel_436,Q245A,BRM0WHW,GB/T 2025-2015,10,2500,5000,F8,2023/1/1,300003,Q2,2023/1/1
steel_437,Q245A,QRL62Q2,GB/T 3050-2020,20,3500,7500,F8,2023/1/2,200002,Q7,2023/4/1
steel_438,Q245A,CQU1C4C,GB/T 2025-2015,21,2700,7500,F4,2023/1/2,500005,Q6,2023/10/1
steel_439,Q235C,QDJJL28,GB/T 6060-2017,18,2500,7500,F4,2023/1/3,300003,Q11,2023/7/1
steel_440,Q345B,D258TC6,GB/T 4040-2019,21,2500,5000,F4,2023/1/2,200002,Q10,2023/7/1
steel_441,Q235B,R7XVLZO,GB/T 3050-2020,16,2500,7500,F3,2023/1/3,300003,Q5,2023/10/1
steel_442,Q245A,3HEYBFO,GB/T 4040-2019,25,2500,7500,F3,2023/1/1,500005,Q3,2023/1/1
steel_443,Q235B,RVTOQZG,GB/T 1122-2021,8,2700,5000,F6,2023/1/3,200002,Q7,2023/4/1
steel_444,Q245A,Z54FGX4,GB/T 4040-2019,8,2700,7500,F3,2023/1/3,200002,Q10,2023/7/1
steel_445,Q345C,J0ZR697,GB/T 1122-2021,20,2700,7500,F2,2023/1/1,200002,Q10,2023/7/1
steel_446,Q345B,28F5IXF,GB/T 1122-2021,25,2500,7500,F2,2023/1/3,500005,Q9,2023/4/1
steel_447,Q345B,CCY29L2,GB/T 4040-2019,21,2500,11500,F1,2023/1/2,500005,Q12,2023/7/1
steel_448,Q245R(R-HIC),4LDID7Q,GB/T 3050-2020,8,2500,7500,F5,2023/1/2,500005,Q12,2023/7/1
steel_449,Q235C,8EGBJL9,GB/T 6060-2017,10,2700,7500,F6,2023/1/2,200002,Q7,2023/4/1
steel_450,Q245R(R-HIC),CXWNNG5,GB/T 2025-2015,25,2700,7500,F5,2023/1/2,500005,Q3,2023/1/1
steel_451,Q245R(R-HIC),2IX13U8,GB/T 2025-2015,10,2500,5000,F8,2023/1/3,300003,Q11,2023/7/1
steel_452,Q245R(R-HIC),OMYQBHG,GB/T 6060-2017,21,2700,5000,F7,2023/1/3,500005,Q6,2023/10/1
steel_453,Q245R(R-HIC),Z54FGX4,GB/T 1122-2021,21,3500,7500,F1,2023/1/1,200002,Q1,2023/1/1
steel_454,Q245R(R-HIC),CRX5AQ8,GB/T 1122-2021,16,2700,5000,F8,2023/1/3,300003,Q5,2023/10/1
steel_455,Q345R(R-HIC),3HEYBFO,GB/T 3050-2020,16,2700,7500,F8,2023/1/3,500005,Q9,2023/4/1
steel_456,Q345B,8CZMUEA,GB/T 5050-2018,16,2700,7500,F6,2023/1/3,300003,Q11,2023/7/1
steel_457,Q245R(R-HIC),TDZF6LU,GB/T 4040-2019,10,2700,7500,F4,2023/1/1,300003,Q8,2023/4/1
steel_458,Q245A,UJVZH9X,GB/T 1122-2021,25,2700,7500,F4,2023/1/2,200002,Q7,2023/4/1
steel_459,Q345B,8YVXEKN,GB/T 2025-2015,16,2700,7500,F5,2023/1/3,300003,Q2,2023/1/1
steel_460,Q345B,DIKDCW1,GB/T 3050-2020,25,2500,7500,F1,2023/1/1,300003,Q2,2023/1/1
steel_461,Q235D,YIJ5EPJ,GB/T 4040-2019,8,2500,7500,F4,2023/1/1,200002,Q1,2023/1/1
steel_462,Q345R(R-HIC),3MBJKIE,GB/T 3050-2020,25,2500,5000,F8,2023/1/1,200002,Q10,2023/7/1
steel_463,Q245R(R-HIC),8RXJ5IT,GB/T 4040-2019,16,2700,7500,F4,2023/1/2,200002,Q4,2023/10/1
steel_464,Q235B,VEC3GU5,GB/T 4040-2019,8,2500,7500,F3,2023/1/3,300003,Q5,2023/10/1
steel_465,Q345C,LG941RX,GB/T 6060-2017,8,3500,7500,F4,2023/1/1,300003,Q8,2023/4/1
steel_466,Q235C,BTHJIKU,GB/T 1122-2021,20,2700,7500,F8,2023/1/2,300003,Q8,2023/4/1
steel_467,Q245A,S72FQGP,GB/T 3050-2020,20,2700,5000,F5,2023/1/1,200002,Q1,2023/1/1
steel_468,Q235B,HC01IZP,GB/T 3050-2020,21,2500,7500,F6,2023/1/1,500005,Q9,2023/4/1
steel_469,Q345R(R-HIC),QWEFIIX,GB/T 6060-2017,8,3500,7500,F1,2023/1/1,300003,Q8,2023/4/1
steel_470,Q345C,8CZMUEA,GB/T 2025-2015,8,2700,7500,F7,2023/1/1,500005,Q9,2023/4/1
steel_471,Q345R(R-HIC),RIYO0RL,GB/T 2025-2015,16,2700,11500,F4,2023/1/1,200002,Q4,2023/10/1
steel_472,Q245A,UEA5MQ2,GB/T 1122-2021,16,2500,7500,F2,2023/1/2,300003,Q5,2023/10/1
steel_473,Q345B,B94WQ6E,GB/T 1122-2021,16,2700,11500,F2,2023/1/3,500005,Q9,2023/4/1
steel_474,Q345C,U2AOHRV,GB/T 5050-2018,25,2500,11500,F5,2023/1/3,300003,Q8,2023/4/1
steel_475,Q345B,0MVYTA0,GB/T 6060-2017,25,2500,7500,F8,2023/1/3,300003,Q11,2023/7/1
steel_476,Q245A,28F5IXF,GB/T 2025-2015,25,2700,7500,F7,2023/1/3,300003,Q8,2023/4/1
steel_477,Q235B,YHR7IB4,GB/T 4040-2019,21,2700,5000,F7,2023/1/2,500005,Q12,2023/7/1
steel_478,Q245A,4K4TR0M,GB/T 3050-2020,15,2700,7500,F3,2023/1/2,200002,Q4,2023/10/1
steel_479,Q235B,OYJ1KIP,GB/T 1122-2021,16,3500,7500,F7,2023/1/2,300003,Q5,2023/10/1
steel_480,Q345C,AJK6SED,GB/T 3050-2020,18,2700,5000,F2,2023/1/1,200002,Q4,2023/10/1
steel_481,Q345C,10HIHO7,GB/T 3050-2020,21,2700,5000,F6,2023/1/1,200002,Q4,2023/10/1
steel_482,Q245R(R-HIC),D373K6W,GB/T 5050-2018,8,2500,11500,F8,2023/1/1,500005,Q6,2023/10/1
steel_483,Q345R(R-HIC),J0ZR697,GB/T 2025-2015,16,3500,7500,F8,2023/1/3,500005,Q6,2023/10/1
steel_484,Q245R(R-HIC),UILQU2Z,GB/T 1122-2021,8,2500,7500,F4,2023/1/1,200002,Q10,2023/7/1
steel_485,Q345R(R-HIC),C9ZB19I,GB/T 3050-2020,18,3500,7500,F4,2023/1/3,300003,Q8,2023/4/1
steel_486,Q245R(R-HIC),0P48PTI,GB/T 1122-2021,25,2700,5000,F4,2023/1/1,500005,Q3,2023/1/1
steel_487,Q345B,CWGB0TK,GB/T 4040-2019,21,2500,5000,F2,2023/1/3,300003,Q8,2023/4/1
steel_488,Q345C,UY71YNR,GB/T 5050-2018,10,2700,5000,F2,2023/1/1,300003,Q5,2023/10/1
steel_489,Q235B,X2ATOY2,GB/T 4040-2019,25,3500,5000,F5,2023/1/1,300003,Q11,2023/7/1
steel_490,Q345R(R-HIC),0P48PTI,GB/T 1122-2021,20,2700,5000,F2,2023/1/2,200002,Q1,2023/1/1
steel_491,Q245A,FHYBE1H,GB/T 1122-2021,8,3500,11500,F2,2023/1/1,300003,Q2,2023/1/1
steel_492,Q345R(R-HIC),KTQMRXF,GB/T 2025-2015,10,3500,7500,F2,2023/1/1,200002,Q4,2023/10/1
steel_493,Q235B,KQNQ0LM,GB/T 3050-2020,10,2700,5000,F2,2023/1/2,200002,Q4,2023/10/1
steel_494,Q245R(R-HIC),NXITJH4,GB/T 3050-2020,8,2700,5000,F6,2023/1/3,300003,Q2,2023/1/1
steel_495,Q345R(R-HIC),2IX13U8,GB/T 4040-2019,25,3500,7500,F2,2023/1/2,300003,Q5,2023/10/1
steel_496,Q235C,H60UCIF,GB/T 5050-2018,16,2700,5000,F5,2023/1/2,300003,Q8,2023/4/1
steel_497,Q345B,8YVXEKN,GB/T 6060-2017,25,2500,11500,F7,2023/1/3,300003,Q2,2023/1/1
steel_498,Q345C,JGW5Z76,GB/T 3050-2020,15,2500,7500,F7,2023/1/1,200002,Q1,2023/1/1
steel_499,Q235B,8YVXEKN,GB/T 2025-2015,8,2700,7500,F3,2023/1/3,300003,Q5,2023/10/1
steel_500,Q345C,RVTOQZG,GB/T 4040-2019,16,3500,7500,F6,2023/1/1,300003,Q5,2023/10/1
steel_501,Q235C,3WKN3HU,GB/T 4040-2019,8,2700,5000,F4,2023/1/1,200002,Q10,2023/7/1
steel_502,Q345R(R-HIC),8YVXEKN,GB/T 6060-2017,16,2700,7500,F1,2023/1/3,500005,Q12,2023/7/1
steel_503,Q345R(R-HIC),MZOA1RK,GB/T 2025-2015,25,2500,7500,F2,2023/1/2,500005,Q12,2023/7/1
steel_504,Q245A,6WDQ0K6,GB/T 5050-2018,18,2500,7500,F3,2023/1/3,200002,Q1,2023/1/1
steel_505,Q235C,FA1K4WR,GB/T 2025-2015,18,3500,5000,F1,2023/1/1,500005,Q9,2023/4/1
steel_506,Q235B,VANO5B8,GB/T 5050-2018,10,2500,7500,F5,2023/1/3,200002,Q10,2023/7/1
steel_507,Q245A,VOV2BEQ,GB/T 2025-2015,8,2500,7500,F7,2023/1/3,300003,Q5,2023/10/1
steel_508,Q345B,3TJ2JZ4,GB/T 2025-2015,8,2500,7500,F3,2023/1/1,300003,Q8,2023/4/1
steel_509,Q245A,R60ELEK,GB/T 1122-2021,18,2700,7500,F5,2023/1/2,500005,Q9,2023/4/1
steel_510,Q235D,72KYO7Z,GB/T 4040-2019,8,3500,7500,F3,2023/1/3,300003,Q2,2023/1/1
steel_511,Q235B,YKSG0LB,GB/T 2025-2015,15,2500,7500,F8,2023/1/1,500005,Q3,2023/1/1
steel_512,Q235D,CQU1C4C,GB/T 6060-2017,18,2700,7500,F5,2023/1/1,500005,Q12,2023/7/1
steel_513,Q235C,KHE3W7A,GB/T 2025-2015,16,2700,7500,F7,2023/1/3,300003,Q11,2023/7/1
steel_514,Q245R(R-HIC),O6P1SOD,GB/T 3050-2020,10,3500,7500,F7,2023/1/2,300003,Q8,2023/4/1
steel_515,Q235D,PWR6GA7,GB/T 4040-2019,10,2500,7500,F6,2023/1/3,500005,Q3,2023/1/1
steel_516,Q345B,CRX5AQ8,GB/T 3050-2020,25,2700,7500,F3,2023/1/2,300003,Q11,2023/7/1
steel_517,Q245A,XUOHVM1,GB/T 4040-2019,20,2700,7500,F2,2023/1/2,200002,Q10,2023/7/1
steel_518,Q245R(R-HIC),MFVA0DI,GB/T 3050-2020,16,3500,11500,F7,2023/1/2,300003,Q5,2023/10/1
steel_519,Q245A,2IX13U8,GB/T 2025-2015,8,2700,7500,F3,2023/1/2,300003,Q5,2023/10/1
steel_520,Q235D,N9CF1ZI,GB/T 2025-2015,25,2500,11500,F6,2023/1/3,200002,Q4,2023/10/1
steel_521,Q245A,0MVYTA0,GB/T 1122-2021,20,2700,7500,F2,2023/1/1,300003,Q8,2023/4/1
steel_522,Q235C,N74PCTP,GB/T 6060-2017,15,2700,7500,F5,2023/1/1,300003,Q5,2023/10/1
steel_523,Q245R(R-HIC),XN9SJHS,GB/T 3050-2020,25,2500,7500,F6,2023/1/1,500005,Q9,2023/4/1
steel_524,Q235C,0QN1TJ2,GB/T 5050-2018,10,3500,5000,F8,2023/1/1,300003,Q2,2023/1/1
steel_525,Q235D,UISISWY,GB/T 1122-2021,18,2500,11500,F2,2023/1/1,300003,Q2,2023/1/1
steel_526,Q235C,GAAGU24,GB/T 3050-2020,20,2700,7500,F3,2023/1/1,200002,Q10,2023/7/1
steel_527,Q345B,N9CF1ZI,GB/T 3050-2020,10,2700,5000,F7,2023/1/3,500005,Q6,2023/10/1
steel_528,Q235D,KBCEYCI,GB/T 1122-2021,25,2700,7500,F7,2023/1/2,500005,Q3,2023/1/1
steel_529,Q235D,H3QO1NG,GB/T 2025-2015,20,2700,11500,F3,2023/1/1,500005,Q3,2023/1/1
steel_530,Q235D,18L9LKP,GB/T 3050-2020,18,3500,5000,F3,2023/1/3,300003,Q2,2023/1/1
steel_531,Q235B,87STL9J,GB/T 2025-2015,10,2700,7500,F3,2023/1/1,500005,Q9,2023/4/1
steel_532,Q245A,F5SGWDY,GB/T 1122-2021,8,2700,7500,F4,2023/1/1,200002,Q7,2023/4/1
steel_533,Q235B,LQN79VT,GB/T 2025-2015,15,2700,7500,F2,2023/1/2,500005,Q9,2023/4/1
steel_534,Q235B,Q4IJWB6,GB/T 4040-2019,20,2700,7500,F7,2023/1/2,200002,Q10,2023/7/1
steel_535,Q345B,X4B4V36,GB/T 5050-2018,10,2500,5000,F2,2023/1/2,500005,Q6,2023/10/1
steel_536,Q245R(R-HIC),F5SGWDY,GB/T 3050-2020,18,2700,5000,F6,2023/1/1,500005,Q9,2023/4/1
steel_537,Q245A,7SM6KVU,GB/T 6060-2017,20,3500,7500,F7,2023/1/1,200002,Q7,2023/4/1
steel_538,Q235C,SHL66DZ,GB/T 5050-2018,8,2500,7500,F4,2023/1/1,500005,Q12,2023/7/1
steel_539,Q345R(R-HIC),NPTQH1M,GB/T 2025-2015,20,2700,11500,F3,2023/1/2,500005,Q12,2023/7/1
steel_540,Q235D,DUW3AU4,GB/T 3050-2020,8,3500,5000,F8,2023/1/3,500005,Q12,2023/7/1
steel_541,Q235C,H3QO1NG,GB/T 2025-2015,25,2500,7500,F3,2023/1/1,300003,Q5,2023/10/1
steel_542,Q235D,8YCRZ0U,GB/T 4040-2019,16,2700,5000,F5,2023/1/1,200002,Q4,2023/10/1
steel_543,Q345B,979YRZV,GB/T 1122-2021,10,2700,5000,F3,2023/1/1,500005,Q12,2023/7/1
steel_544,Q235D,RA3VNVC,GB/T 3050-2020,15,2700,7500,F4,2023/1/3,200002,Q7,2023/4/1
steel_545,Q235B,V9NRN6N,GB/T 4040-2019,16,2500,7500,F2,2023/1/1,200002,Q1,2023/1/1
steel_546,Q245A,0MVYTA0,GB/T 4040-2019,20,2500,7500,F7,2023/1/3,200002,Q7,2023/4/1
steel_547,Q345R(R-HIC),5BQX6VN,GB/T 3050-2020,20,2700,11500,F3,2023/1/1,500005,Q6,2023/10/1
steel_548,Q345C,SHL66DZ,GB/T 2025-2015,18,2700,7500,F7,2023/1/3,500005,Q3,2023/1/1
steel_549,Q235D,Y919H41,GB/T 6060-2017,8,2700,11500,F1,2023/1/1,200002,Q1,2023/1/1
steel_550,Q235C,YKSG0LB,GB/T 4040-2019,10,2700,7500,F6,2023/1/2,300003,Q5,2023/10/1
steel_551,Q235B,8IQWCMR,GB/T 5050-2018,8,2500,7500,F2,2023/1/2,200002,Q1,2023/1/1
steel_552,Q345C,X2ATOY2,GB/T 4040-2019,18,2700,7500,F7,2023/1/2,300003,Q2,2023/1/1
steel_553,Q345R(R-HIC),91N3B13,GB/T 6060-2017,25,2500,7500,F8,2023/1/2,200002,Q10,2023/7/1
steel_554,Q345C,LQN79VT,GB/T 2025-2015,16,3500,5000,F6,2023/1/1,200002,Q4,2023/10/1
steel_555,Q235B,87STL9J,GB/T 2025-2015,10,2700,7500,F5,2023/1/2,200002,Q1,2023/1/1
steel_556,Q245A,P4HCFYR,GB/T 5050-2018,18,2700,5000,F5,2023/1/3,500005,Q12,2023/7/1
steel_557,Q245A,0R5F5QR,GB/T 4040-2019,21,3500,7500,F8,2023/1/2,300003,Q11,2023/7/1
steel_558,Q245R(R-HIC),SS5F6F1,GB/T 2025-2015,20,2500,7500,F3,2023/1/2,300003,Q5,2023/10/1
steel_559,Q245A,FA1K4WR,GB/T 6060-2017,25,2700,5000,F6,2023/1/2,200002,Q7,2023/4/1
steel_560,Q245R(R-HIC),F5SGWDY,GB/T 3050-2020,10,2500,5000,F7,2023/1/1,500005,Q3,2023/1/1
steel_561,Q345C,V9JRFBM,GB/T 1122-2021,10,3500,11500,F6,2023/1/2,500005,Q3,2023/1/1
steel_562,Q345B,4QD4SBI,GB/T 1122-2021,25,2500,7500,F3,2023/1/3,300003,Q8,2023/4/1
steel_563,Q235C,D4YLR31,GB/T 1122-2021,20,2700,5000,F4,2023/1/2,500005,Q6,2023/10/1
steel_564,Q235C,X4B4V36,GB/T 4040-2019,15,3500,7500,F2,2023/1/2,300003,Q8,2023/4/1
steel_565,Q345C,OYJ1KIP,GB/T 5050-2018,20,2500,7500,F8,2023/1/2,300003,Q8,2023/4/1
steel_566,Q235D,3KX4URW,GB/T 2025-2015,21,2700,7500,F3,2023/1/3,300003,Q5,2023/10/1
steel_567,Q235D,P4HCFYR,GB/T 3050-2020,18,2700,11500,F4,2023/1/2,500005,Q9,2023/4/1
steel_568,Q245A,DIKE2AD,GB/T 6060-2017,20,2700,7500,F6,2023/1/3,300003,Q11,2023/7/1
steel_569,Q235C,B04H2H3,GB/T 3050-2020,15,2500,7500,F6,2023/1/3,300003,Q8,2023/4/1
steel_570,Q235C,KHE3W7A,GB/T 6060-2017,18,2500,7500,F3,2023/1/2,200002,Q4,2023/10/1
steel_571,Q245R(R-HIC),D4YLR31,GB/T 4040-2019,18,2500,7500,F7,2023/1/3,300003,Q11,2023/7/1
steel_572,Q345B,C88GXCR,GB/T 1122-2021,21,3500,5000,F6,2023/1/1,300003,Q11,2023/7/1
steel_573,Q235B,C9ZB19I,GB/T 4040-2019,21,2700,5000,F7,2023/1/2,200002,Q4,2023/10/1
steel_574,Q235D,7ZQ98XH,GB/T 5050-2018,21,2500,5000,F7,2023/1/2,200002,Q10,2023/7/1
steel_575,Q235C,KBCEYCI,GB/T 5050-2018,8,2700,7500,F2,2023/1/3,500005,Q3,2023/1/1
steel_576,Q245R(R-HIC),OMYQBHG,GB/T 6060-2017,20,2700,7500,F7,2023/1/3,300003,Q11,2023/7/1
steel_577,Q345R(R-HIC),SS5F6F1,GB/T 2025-2015,20,2500,7500,F1,2023/1/2,500005,Q9,2023/4/1
steel_578,Q245R(R-HIC),FHYBE1H,GB/T 2025-2015,20,2700,11500,F2,2023/1/1,500005,Q9,2023/4/1
steel_579,Q235D,Z2OJP25,GB/T 6060-2017,20,2500,7500,F4,2023/1/3,200002,Q7,2023/4/1
steel_580,Q235D,X2ATOY2,GB/T 5050-2018,21,2500,5000,F4,2023/1/3,500005,Q3,2023/1/1
steel_581,Q245R(R-HIC),7IX24X6,GB/T 5050-2018,16,2700,5000,F6,2023/1/1,300003,Q2,2023/1/1
steel_582,Q235B,SECBIFE,GB/T 5050-2018,16,2500,7500,F6,2023/1/1,200002,Q7,2023/4/1
steel_583,Q345C,FA1K4WR,GB/T 4040-2019,8,2700,7500,F7,2023/1/2,300003,Q8,2023/4/1
steel_584,Q235D,3A1RRGN,GB/T 5050-2018,16,2700,7500,F2,2023/1/1,300003,Q2,2023/1/1
steel_585,Q245R(R-HIC),D258TC6,GB/T 3050-2020,20,2700,7500,F2,2023/1/2,200002,Q7,2023/4/1
steel_586,Q235C,RA9VXLL,GB/T 1122-2021,21,2700,5000,F1,2023/1/1,300003,Q2,2023/1/1
steel_587,Q245R(R-HIC),95IQ4Z7,GB/T 5050-2018,10,2700,7500,F7,2023/1/3,200002,Q10,2023/7/1
steel_588,Q345B,YQF68EE,GB/T 6060-2017,8,3500,7500,F1,2023/1/2,300003,Q11,2023/7/1
steel_589,Q345C,O6P1SOD,GB/T 1122-2021,20,2700,7500,F5,2023/1/2,200002,Q7,2023/4/1
steel_590,Q345R(R-HIC),HC01IZP,GB/T 4040-2019,8,2700,5000,F7,2023/1/2,500005,Q6,2023/10/1
steel_591,Q235B,6E4XD2W,GB/T 6060-2017,10,2700,7500,F8,2023/1/1,300003,Q2,2023/1/1
steel_592,Q245A,UILQU2Z,GB/T 1122-2021,8,2700,5000,F8,2023/1/3,200002,Q4,2023/10/1
steel_593,Q345R(R-HIC),QKZDI4E,GB/T 6060-2017,10,2500,11500,F3,2023/1/2,300003,Q8,2023/4/1
steel_594,Q345C,E0QBYRP,GB/T 4040-2019,10,2500,5000,F7,2023/1/2,300003,Q2,2023/1/1
steel_595,Q345C,7L4C3CK,GB/T 3050-2020,16,2500,7500,F2,2023/1/2,300003,Q5,2023/10/1
steel_596,Q345C,K5POY1K,GB/T 4040-2019,16,3500,7500,F6,2023/1/2,200002,Q10,2023/7/1
steel_597,Q345R(R-HIC),UJVZH9X,GB/T 4040-2019,25,2700,11500,F4,2023/1/3,500005,Q9,2023/4/1
steel_598,Q235C,SLFOJTB,GB/T 6060-2017,18,3500,5000,F3,2023/1/1,500005,Q3,2023/1/1
steel_599,Q345C,0R5F5QR,GB/T 2025-2015,20,2700,5000,F6,2023/1/3,500005,Q3,2023/1/1
steel_600,Q245R(R-HIC),EGZ369S,GB/T 5050-2018,8,2700,5000,F8,2023/1/2,200002,Q7,2023/4/1
steel_601,Q345R(R-HIC),V9JRFBM,GB/T 5050-2018,10,2500,5000,F7,2023/1/3,500005,Q12,2023/7/1
steel_602,Q245A,8SB016D,GB/T 3050-2020,20,2700,5000,F3,2023/1/2,200002,Q1,2023/1/1
steel_603,Q345C,621MUFR,GB/T 3050-2020,8,2700,7500,F7,2023/1/1,300003,Q2,2023/1/1
steel_604,Q245R(R-HIC),DIKDCW1,GB/T 5050-2018,16,3500,5000,F8,2023/1/1,300003,Q8,2023/4/1
steel_605,Q235C,KTQMRXF,GB/T 2025-2015,18,2500,5000,F3,2023/1/1,500005,Q3,2023/1/1
steel_606,Q345B,88FN82V,GB/T 5050-2018,18,2700,7500,F8,2023/1/2,200002,Q10,2023/7/1
steel_607,Q235C,CXWNNG5,GB/T 2025-2015,8,2700,7500,F1,2023/1/3,300003,Q5,2023/10/1
steel_608,Q245A,UY71YNR,GB/T 3050-2020,15,2700,7500,F8,2023/1/1,200002,Q7,2023/4/1
steel_609,Q345C,6WDQ0K6,GB/T 1122-2021,20,2700,5000,F2,2023/1/2,200002,Q10,2023/7/1
steel_610,Q245A,CXWNNG5,GB/T 6060-2017,8,2700,11500,F2,2023/1/2,300003,Q5,2023/10/1
steel_611,Q345R(R-HIC),R3X73GM,GB/T 3050-2020,20,2500,5000,F7,2023/1/3,200002,Q7,2023/4/1
steel_612,Q235D,IOKUB9A,GB/T 3050-2020,20,2700,7500,F4,2023/1/1,300003,Q11,2023/7/1
steel_613,Q345C,FJO3YY7,GB/T 4040-2019,25,2700,7500,F8,2023/1/2,300003,Q11,2023/7/1
steel_614,Q235D,72KYO7Z,GB/T 4040-2019,10,3500,5000,F6,2023/1/3,300003,Q5,2023/10/1
steel_615,Q245R(R-HIC),5USN2VI,GB/T 4040-2019,21,2700,11500,F2,2023/1/1,200002,Q4,2023/10/1
steel_616,Q345B,AJK6SED,GB/T 6060-2017,18,2500,5000,F5,2023/1/3,300003,Q11,2023/7/1
steel_617,Q235B,QKLWHZ9,GB/T 4040-2019,15,2500,5000,F4,2023/1/3,200002,Q10,2023/7/1
steel_618,Q245A,DIKE2AD,GB/T 2025-2015,8,3500,7500,F1,2023/1/2,300003,Q11,2023/7/1
steel_619,Q235C,O2X92JX,GB/T 5050-2018,20,2700,7500,F3,2023/1/2,300003,Q11,2023/7/1
steel_620,Q345B,SHL66DZ,GB/T 1122-2021,10,3500,7500,F3,2023/1/2,500005,Q12,2023/7/1
steel_621,Q345C,HC01IZP,GB/T 3050-2020,15,2500,5000,F2,2023/1/3,500005,Q3,2023/1/1
steel_622,Q235D,H3QO1NG,GB/T 2025-2015,8,2700,7500,F4,2023/1/2,500005,Q9,2023/4/1
steel_623,Q235C,NM4OMFX,GB/T 1122-2021,21,2700,7500,F2,2023/1/3,200002,Q4,2023/10/1
steel_624,Q235D,F5SGWDY,GB/T 2025-2015,21,3500,5000,F3,2023/1/3,200002,Q1,2023/1/1
steel_625,Q345R(R-HIC),7SM6KVU,GB/T 2025-2015,20,2500,5000,F5,2023/1/2,300003,Q8,2023/4/1
steel_626,Q235D,DF8AJZJ,GB/T 3050-2020,15,2700,5000,F8,2023/1/1,300003,Q2,2023/1/1
steel_627,Q345R(R-HIC),BW645ZG,GB/T 5050-2018,10,2700,5000,F4,2023/1/1,300003,Q5,2023/10/1
steel_628,Q245R(R-HIC),X4B4V36,GB/T 4040-2019,20,2500,7500,F7,2023/1/1,300003,Q8,2023/4/1
steel_629,Q235C,8EP6F5U,GB/T 6060-2017,16,2700,7500,F8,2023/1/3,200002,Q7,2023/4/1
steel_630,Q235C,VANO5B8,GB/T 5050-2018,10,2700,11500,F8,2023/1/3,300003,Q2,2023/1/1
steel_631,Q235B,EGZ369S,GB/T 6060-2017,20,3500,7500,F8,2023/1/3,300003,Q8,2023/4/1
steel_632,Q345C,4LDID7Q,GB/T 3050-2020,25,2700,7500,F7,2023/1/2,500005,Q9,2023/4/1
steel_633,Q345R(R-HIC),NWI1M3X,GB/T 3050-2020,20,2500,5000,F5,2023/1/3,300003,Q11,2023/7/1
steel_634,Q235B,NJZOXYQ,GB/T 3050-2020,20,2500,7500,F1,2023/1/2,300003,Q8,2023/4/1
steel_635,Q235D,DIKE2AD,GB/T 1122-2021,25,2700,5000,F5,2023/1/2,300003,Q2,2023/1/1
steel_636,Q235D,DUW3AU4,GB/T 6060-2017,10,2500,5000,F5,2023/1/1,200002,Q10,2023/7/1
steel_637,Q235B,50IHPKL,GB/T 5050-2018,18,2700,7500,F5,2023/1/1,500005,Q12,2023/7/1
steel_638,Q235C,3GVSNY9,GB/T 5050-2018,25,2700,11500,F6,2023/1/1,300003,Q11,2023/7/1
steel_639,Q235D,QWEFIIX,GB/T 2025-2015,10,3500,7500,F2,2023/1/2,300003,Q8,2023/4/1
steel_640,Q245A,64ZVC5J,GB/T 2025-2015,20,3500,5000,F3,2023/1/2,500005,Q12,2023/7/1
steel_641,Q245R(R-HIC),RA9VXLL,GB/T 2025-2015,18,2700,5000,F2,2023/1/2,300003,Q8,2023/4/1
steel_642,Q245R(R-HIC),V9NRN6N,GB/T 3050-2020,18,3500,5000,F4,2023/1/3,200002,Q10,2023/7/1
steel_643,Q245A,O6P1SOD,GB/T 5050-2018,20,2700,7500,F5,2023/1/2,300003,Q8,2023/4/1
steel_644,Q235B,UISISWY,GB/T 6060-2017,25,2700,7500,F1,2023/1/1,200002,Q4,2023/10/1
steel_645,Q245A,KRVFHUF,GB/T 3050-2020,21,2500,11500,F4,2023/1/1,200002,Q7,2023/4/1
steel_646,Q345R(R-HIC),O6P1SOD,GB/T 1122-2021,8,2700,5000,F2,2023/1/2,300003,Q5,2023/10/1
steel_647,Q345R(R-HIC),87X4DD2,GB/T 2025-2015,21,2700,7500,F3,2023/1/2,500005,Q12,2023/7/1
steel_648,Q235B,B3L02BV,GB/T 3050-2020,10,3500,7500,F7,2023/1/1,200002,Q1,2023/1/1
steel_649,Q245A,KQ891BC,GB/T 3050-2020,15,2700,7500,F2,2023/1/2,500005,Q9,2023/4/1
steel_650,Q345R(R-HIC),SGLV0IX,GB/T 1122-2021,16,3500,7500,F8,2023/1/1,300003,Q2,2023/1/1
steel_651,Q235C,0MVYTA0,GB/T 4040-2019,16,2700,7500,F2,2023/1/3,200002,Q4,2023/10/1
steel_652,Q245A,Z54FGX4,GB/T 5050-2018,16,2500,7500,F8,2023/1/1,300003,Q8,2023/4/1
steel_653,Q235C,KRVFHUF,GB/T 6060-2017,25,3500,5000,F7,2023/1/3,500005,Q9,2023/4/1
steel_654,Q345R(R-HIC),O1HPDT0,GB/T 4040-2019,20,2700,7500,F2,2023/1/2,300003,Q8,2023/4/1
steel_655,Q245R(R-HIC),64ZVC5J,GB/T 2025-2015,20,2700,5000,F1,2023/1/2,300003,Q8,2023/4/1
steel_656,Q345R(R-HIC),1K5BJFG,GB/T 3050-2020,8,2700,7500,F1,2023/1/3,200002,Q10,2023/7/1
steel_657,Q235C,BTCXT0R,GB/T 1122-2021,25,2500,7500,F4,2023/1/2,300003,Q2,2023/1/1
steel_658,Q345B,621MUFR,GB/T 1122-2021,25,2700,7500,F7,2023/1/3,300003,Q5,2023/10/1
steel_659,Q345C,VOV2BEQ,GB/T 5050-2018,21,2700,11500,F5,2023/1/2,300003,Q8,2023/4/1
steel_660,Q235D,ZE9E4AH,GB/T 4040-2019,8,2700,7500,F1,2023/1/1,200002,Q4,2023/10/1
steel_661,Q245A,4LDID7Q,GB/T 5050-2018,8,3500,7500,F2,2023/1/2,500005,Q6,2023/10/1
steel_662,Q345B,OMYQBHG,GB/T 3050-2020,10,2700,7500,F7,2023/1/1,500005,Q3,2023/1/1
steel_663,Q345R(R-HIC),X4B4V36,GB/T 5050-2018,8,2500,7500,F3,2023/1/1,300003,Q8,2023/4/1
steel_664,Q245R(R-HIC),S1LBNWS,GB/T 6060-2017,16,2700,7500,F8,2023/1/3,200002,Q4,2023/10/1
steel_665,Q235B,9WTGGC8,GB/T 1122-2021,25,3500,7500,F2,2023/1/2,300003,Q11,2023/7/1
steel_666,Q345R(R-HIC),LG941RX,GB/T 1122-2021,16,2500,7500,F8,2023/1/3,500005,Q3,2023/1/1
steel_667,Q245R(R-HIC),3TJ2JZ4,GB/T 2025-2015,8,2500,11500,F8,2023/1/2,200002,Q10,2023/7/1
steel_668,Q345C,9WTGGC8,GB/T 2025-2015,15,2500,11500,F5,2023/1/1,500005,Q3,2023/1/1
steel_669,Q345R(R-HIC),H60UCIF,GB/T 3050-2020,8,2500,7500,F7,2023/1/1,500005,Q12,2023/7/1
steel_670,Q235C,V9NRN6N,GB/T 6060-2017,8,2700,5000,F7,2023/1/2,200002,Q7,2023/4/1
steel_671,Q235B,B3L02BV,GB/T 4040-2019,10,2700,5000,F4,2023/1/2,200002,Q7,2023/4/1
steel_672,Q245R(R-HIC),4K4TR0M,GB/T 5050-2018,10,2700,7500,F8,2023/1/3,300003,Q5,2023/10/1
steel_673,Q245R(R-HIC),ZX876O0,GB/T 3050-2020,21,2700,5000,F4,2023/1/2,300003,Q8,2023/4/1
steel_674,Q245R(R-HIC),Z54FGX4,GB/T 2025-2015,25,2700,7500,F5,2023/1/2,500005,Q12,2023/7/1
steel_675,Q345C,JTJ5X69,GB/T 5050-2018,15,3500,7500,F8,2023/1/2,200002,Q10,2023/7/1
steel_676,Q345R(R-HIC),D4YLR31,GB/T 2025-2015,16,3500,7500,F4,2023/1/3,200002,Q10,2023/7/1
steel_677,Q345C,Q11XWMT,GB/T 5050-2018,21,2700,11500,F4,2023/1/2,300003,Q2,2023/1/1
steel_678,Q245A,04IDY93,GB/T 4040-2019,10,3500,7500,F3,2023/1/1,500005,Q3,2023/1/1
steel_679,Q235D,02HHPJ6,GB/T 3050-2020,10,2700,7500,F4,2023/1/3,500005,Q3,2023/1/1
steel_680,Q235D,RTH5WLX,GB/T 5050-2018,21,2500,7500,F7,2023/1/3,300003,Q8,2023/4/1
steel_681,Q245A,FJO3YY7,GB/T 6060-2017,8,2500,7500,F4,2023/1/1,200002,Q4,2023/10/1
steel_682,Q345R(R-HIC),O2X92JX,GB/T 1122-2021,18,2700,7500,F8,2023/1/1,300003,Q8,2023/4/1
steel_683,Q235C,7IX24X6,GB/T 6060-2017,18,2700,5000,F4,2023/1/1,300003,Q5,2023/10/1
steel_684,Q345C,MYEHRT3,GB/T 6060-2017,15,3500,11500,F1,2023/1/2,300003,Q5,2023/10/1
steel_685,Q235B,CWGB0TK,GB/T 1122-2021,15,2700,7500,F6,2023/1/1,300003,Q8,2023/4/1
steel_686,Q245R(R-HIC),7IX24X6,GB/T 6060-2017,21,3500,5000,F8,2023/1/2,200002,Q1,2023/1/1
steel_687,Q245R(R-HIC),8RXJ5IT,GB/T 5050-2018,8,2700,7500,F1,2023/1/3,300003,Q8,2023/4/1
steel_688,Q345R(R-HIC),H3QO1NG,GB/T 5050-2018,10,2700,7500,F5,2023/1/3,200002,Q10,2023/7/1
steel_689,Q235C,3KX4URW,GB/T 5050-2018,20,2700,5000,F8,2023/1/1,300003,Q11,2023/7/1
steel_690,Q235D,WTJXGQU,GB/T 1122-2021,18,2700,11500,F7,2023/1/2,500005,Q6,2023/10/1
steel_691,Q235D,9E3B5FE,GB/T 6060-2017,8,2700,5000,F6,2023/1/1,200002,Q7,2023/4/1
steel_692,Q245R(R-HIC),ZX876O0,GB/T 1122-2021,25,2700,5000,F6,2023/1/1,500005,Q3,2023/1/1
steel_693,Q345R(R-HIC),ZX876O0,GB/T 5050-2018,16,2500,7500,F7,2023/1/2,300003,Q2,2023/1/1
steel_694,Q345C,D4YLR31,GB/T 6060-2017,21,2700,7500,F6,2023/1/1,300003,Q2,2023/1/1
steel_695,Q235D,4K4TR0M,GB/T 6060-2017,21,2500,7500,F7,2023/1/3,300003,Q11,2023/7/1
steel_696,Q345C,D4YLR31,GB/T 2025-2015,18,2700,7500,F1,2023/1/1,200002,Q10,2023/7/1
steel_697,Q235C,N9CF1ZI,GB/T 2025-2015,16,2700,7500,F5,2023/1/2,500005,Q12,2023/7/1
steel_698,Q235D,0R5F5QR,GB/T 4040-2019,25,2500,7500,F3,2023/1/2,200002,Q1,2023/1/1
steel_699,Q235D,KQNQ0LM,GB/T 3050-2020,8,2500,5000,F8,2023/1/3,200002,Q1,2023/1/1
steel_700,Q345B,I0KAMWH,GB/T 2025-2015,20,2700,7500,F7,2023/1/2,300003,Q5,2023/10/1
steel_701,Q235D,D4YLR31,GB/T 1122-2021,10,3500,5000,F8,2023/1/2,500005,Q9,2023/4/1
steel_702,Q245A,9TIL02C,GB/T 2025-2015,15,2500,5000,F5,2023/1/3,300003,Q2,2023/1/1
steel_703,Q235B,3TJ2JZ4,GB/T 4040-2019,15,3500,7500,F1,2023/1/1,200002,Q7,2023/4/1
steel_704,Q245A,UEA5MQ2,GB/T 6060-2017,25,2500,5000,F3,2023/1/3,300003,Q11,2023/7/1
steel_705,Q345R(R-HIC),6EWJ7IU,GB/T 4040-2019,25,3500,5000,F5,2023/1/1,500005,Q12,2023/7/1
steel_706,Q345R(R-HIC),RIYO0RL,GB/T 6060-2017,10,3500,5000,F1,2023/1/3,300003,Q11,2023/7/1
steel_707,Q345C,8YVXEKN,GB/T 6060-2017,8,2700,11500,F6,2023/1/1,500005,Q3,2023/1/1
steel_708,Q245A,S85NKSK,GB/T 3050-2020,20,2700,11500,F8,2023/1/3,500005,Q9,2023/4/1
steel_709,Q245A,XN9SJHS,GB/T 2025-2015,16,2700,7500,F2,2023/1/1,300003,Q5,2023/10/1
steel_710,Q245A,6EWJ7IU,GB/T 1122-2021,8,2700,11500,F3,2023/1/3,200002,Q7,2023/4/1
steel_711,Q235C,P00VUNJ,GB/T 1122-2021,20,2500,7500,F6,2023/1/1,300003,Q11,2023/7/1
steel_712,Q235D,10HIHO7,GB/T 5050-2018,18,2500,7500,F5,2023/1/3,200002,Q7,2023/4/1
steel_713,Q235B,WXJG952,GB/T 6060-2017,25,2500,5000,F3,2023/1/2,200002,Q4,2023/10/1
steel_714,Q345C,J6RT5EK,GB/T 1122-2021,10,2700,7500,F6,2023/1/1,300003,Q5,2023/10/1
steel_715,Q245A,S85NKSK,GB/T 3050-2020,16,2500,7500,F1,2023/1/3,200002,Q10,2023/7/1
steel_716,Q245A,HC01IZP,GB/T 6060-2017,18,2700,7500,F7,2023/1/1,200002,Q4,2023/10/1
steel_717,Q345B,OYJ1KIP,GB/T 3050-2020,21,3500,7500,F8,2023/1/1,300003,Q8,2023/4/1
steel_718,Q345C,02HHPJ6,GB/T 1122-2021,18,2700,7500,F4,2023/1/3,300003,Q5,2023/10/1
steel_719,Q245A,QRL62Q2,GB/T 1122-2021,18,2700,7500,F4,2023/1/1,300003,Q11,2023/7/1
steel_720,Q345C,0MVYTA0,GB/T 5050-2018,10,2700,11500,F1,2023/1/3,200002,Q10,2023/7/1
steel_721,Q235D,WXJG952,GB/T 1122-2021,21,2700,7500,F5,2023/1/2,500005,Q9,2023/4/1
steel_722,Q345B,WM7J4YE,GB/T 6060-2017,16,3500,7500,F8,2023/1/1,200002,Q4,2023/10/1
steel_723,Q345C,XN9SJHS,GB/T 6060-2017,8,3500,7500,F5,2023/1/2,500005,Q12,2023/7/1
steel_724,Q235B,99421IL,GB/T 6060-2017,20,3500,7500,F8,2023/1/1,300003,Q5,2023/10/1
steel_725,Q235B,D373K6W,GB/T 5050-2018,10,2500,7500,F1,2023/1/1,500005,Q9,2023/4/1
steel_726,Q345R(R-HIC),8IQWCMR,GB/T 5050-2018,8,2700,5000,F8,2023/1/1,300003,Q8,2023/4/1
steel_727,Q345B,8SB016D,GB/T 1122-2021,21,2700,7500,F7,2023/1/3,300003,Q11,2023/7/1
steel_728,Q345B,621MUFR,GB/T 4040-2019,16,2500,5000,F5,2023/1/2,500005,Q6,2023/10/1
steel_729,Q345R(R-HIC),ZE9E4AH,GB/T 4040-2019,20,3500,7500,F1,2023/1/1,300003,Q2,2023/1/1
steel_730,Q345C,QK89HAW,GB/T 5050-2018,15,2500,7500,F7,2023/1/3,500005,Q9,2023/4/1
steel_731,Q345B,02HHPJ6,GB/T 1122-2021,21,2700,7500,F8,2023/1/1,300003,Q5,2023/10/1
steel_732,Q235B,SS5F6F1,GB/T 4040-2019,8,2500,5000,F1,2023/1/3,200002,Q10,2023/7/1
steel_733,Q235B,HC01IZP,GB/T 1122-2021,15,2700,7500,F8,2023/1/1,200002,Q1,2023/1/1
steel_734,Q245A,9KO3JBE,GB/T 1122-2021,25,2700,5000,F5,2023/1/2,300003,Q2,2023/1/1
steel_735,Q235D,95RCE0K,GB/T 1122-2021,21,2700,7500,F1,2023/1/2,300003,Q5,2023/10/1
steel_736,Q345B,D258TC6,GB/T 2025-2015,16,2700,11500,F8,2023/1/1,500005,Q6,2023/10/1
steel_737,Q345C,JGW5Z76,GB/T 6060-2017,15,2500,11500,F5,2023/1/3,200002,Q1,2023/1/1
steel_738,Q345R(R-HIC),2IX13U8,GB/T 1122-2021,25,2700,7500,F7,2023/1/1,500005,Q3,2023/1/1
steel_739,Q345R(R-HIC),8EGBJL9,GB/T 2025-2015,18,2500,7500,F2,2023/1/3,300003,Q11,2023/7/1
steel_740,Q345C,CQU1C4C,GB/T 5050-2018,20,2700,5000,F7,2023/1/1,300003,Q8,2023/4/1
steel_741,Q235C,XUOHVM1,GB/T 4040-2019,20,3500,5000,F8,2023/1/3,500005,Q12,2023/7/1
steel_742,Q245R(R-HIC),RIYO0RL,GB/T 6060-2017,8,2700,7500,F1,2023/1/2,300003,Q8,2023/4/1
steel_743,Q235D,S85NKSK,GB/T 4040-2019,8,2700,7500,F4,2023/1/1,200002,Q10,2023/7/1
steel_744,Q345R(R-HIC),B04H2H3,GB/T 6060-2017,20,2700,11500,F7,2023/1/2,500005,Q12,2023/7/1
steel_745,Q345B,621MUFR,GB/T 4040-2019,10,2700,5000,F7,2023/1/2,200002,Q1,2023/1/1
steel_746,Q235D,S85NKSK,GB/T 6060-2017,10,3500,11500,F5,2023/1/1,200002,Q7,2023/4/1
steel_747,Q345B,D258TC6,GB/T 4040-2019,25,2700,7500,F6,2023/1/1,200002,Q1,2023/1/1
steel_748,Q235C,FHYBE1H,GB/T 4040-2019,18,2500,7500,F4,2023/1/3,500005,Q12,2023/7/1
steel_749,Q235B,3GVSNY9,GB/T 4040-2019,20,2500,5000,F8,2023/1/3,300003,Q11,2023/7/1
steel_750,Q235D,C88GXCR,GB/T 4040-2019,18,2500,5000,F2,2023/1/2,200002,Q4,2023/10/1
steel_751,Q245A,CXWNNG5,GB/T 5050-2018,18,2700,7500,F1,2023/1/3,200002,Q4,2023/10/1
steel_752,Q345R(R-HIC),WXJG952,GB/T 1122-2021,8,2500,7500,F6,2023/1/3,200002,Q10,2023/7/1
steel_753,Q235D,7SM6KVU,GB/T 3050-2020,15,2700,5000,F8,2023/1/1,300003,Q2,2023/1/1
steel_754,Q235D,8CZMUEA,GB/T 2025-2015,15,2700,7500,F3,2023/1/3,300003,Q2,2023/1/1
steel_755,Q235D,979YRZV,GB/T 3050-2020,16,2500,7500,F2,2023/1/2,500005,Q9,2023/4/1
steel_756,Q245R(R-HIC),J6RT5EK,GB/T 3050-2020,21,3500,7500,F7,2023/1/3,300003,Q2,2023/1/1
steel_757,Q235D,5BQX6VN,GB/T 6060-2017,15,2700,11500,F3,2023/1/2,500005,Q3,2023/1/1
steel_758,Q345B,KHE3W7A,GB/T 1122-2021,16,2500,7500,F7,2023/1/1,500005,Q12,2023/7/1
steel_759,Q235B,DUFOY38,GB/T 6060-2017,16,2700,5000,F7,2023/1/2,500005,Q12,2023/7/1
steel_760,Q235C,A2JOJE7,GB/T 1122-2021,8,2500,7500,F3,2023/1/3,500005,Q12,2023/7/1
steel_761,Q345C,BW645ZG,GB/T 1122-2021,16,2700,7500,F2,2023/1/1,500005,Q6,2023/10/1
steel_762,Q235D,QNA9F82,GB/T 4040-2019,10,2700,5000,F5,2023/1/3,200002,Q7,2023/4/1
steel_763,Q345R(R-HIC),KQ891BC,GB/T 5050-2018,10,2700,5000,F3,2023/1/1,300003,Q2,2023/1/1
steel_764,Q235D,QK89HAW,GB/T 4040-2019,8,2700,7500,F8,2023/1/1,200002,Q1,2023/1/1
steel_765,Q345R(R-HIC),ZX876O0,GB/T 5050-2018,15,2700,5000,F6,2023/1/3,500005,Q6,2023/10/1
steel_766,Q345B,HC01IZP,GB/T 6060-2017,20,2700,5000,F6,2023/1/3,300003,Q11,2023/7/1
steel_767,Q345R(R-HIC),0R5F5QR,GB/T 5050-2018,10,2500,5000,F3,2023/1/1,200002,Q1,2023/1/1
steel_768,Q245A,9TIL02C,GB/T 6060-2017,15,2500,5000,F8,2023/1/1,200002,Q10,2023/7/1
steel_769,Q345C,RTH5WLX,GB/T 3050-2020,20,3500,7500,F5,2023/1/3,500005,Q12,2023/7/1
steel_770,Q235B,D258TC6,GB/T 3050-2020,10,2700,7500,F6,2023/1/2,200002,Q1,2023/1/1
steel_771,Q345R(R-HIC),95IQ4Z7,GB/T 5050-2018,25,2700,7500,F8,2023/1/3,200002,Q10,2023/7/1
steel_772,Q345R(R-HIC),3W69200,GB/T 5050-2018,18,2700,5000,F5,2023/1/1,200002,Q7,2023/4/1
steel_773,Q235B,3MBJKIE,GB/T 6060-2017,16,2700,5000,F8,2023/1/3,200002,Q7,2023/4/1
steel_774,Q345C,3A1RRGN,GB/T 4040-2019,18,2500,7500,F7,2023/1/2,200002,Q10,2023/7/1
steel_775,Q235D,J0ZR697,GB/T 6060-2017,10,2700,7500,F6,2023/1/3,500005,Q9,2023/4/1
steel_776,Q345R(R-HIC),9KO3JBE,GB/T 4040-2019,18,2700,7500,F5,2023/1/1,500005,Q3,2023/1/1
steel_777,Q235B,ZX876O0,GB/T 3050-2020,15,2500,7500,F6,2023/1/3,200002,Q7,2023/4/1
steel_778,Q245A,Q4IJWB6,GB/T 1122-2021,25,2500,11500,F7,2023/1/1,500005,Q12,2023/7/1
steel_779,Q245A,BT04J6X,GB/T 5050-2018,10,2500,5000,F3,2023/1/1,500005,Q3,2023/1/1
steel_780,Q345B,B94WQ6E,GB/T 4040-2019,16,2700,7500,F7,2023/1/3,300003,Q5,2023/10/1
steel_781,Q235B,7IX24X6,GB/T 6060-2017,18,3500,7500,F6,2023/1/1,200002,Q4,2023/10/1
steel_782,Q345B,8YVXEKN,GB/T 3050-2020,8,2500,7500,F6,2023/1/1,500005,Q12,2023/7/1
steel_783,Q245A,ZX876O0,GB/T 4040-2019,15,2500,5000,F2,2023/1/2,500005,Q3,2023/1/1
steel_784,Q345C,KRVFHUF,GB/T 6060-2017,20,2500,7500,F5,2023/1/2,200002,Q4,2023/10/1
steel_785,Q235D,6J90XF3,GB/T 5050-2018,21,2700,7500,F3,2023/1/2,300003,Q8,2023/4/1
steel_786,Q235B,6KPENAM,GB/T 5050-2018,15,2700,5000,F7,2023/1/2,200002,Q4,2023/10/1
steel_787,Q235C,VANO5B8,GB/T 2025-2015,21,2700,5000,F5,2023/1/1,300003,Q2,2023/1/1
steel_788,Q245A,E0QBYRP,GB/T 1122-2021,25,2700,5000,F1,2023/1/3,200002,Q1,2023/1/1
steel_789,Q245A,SNAUE12,GB/T 2025-2015,21,2700,7500,F5,2023/1/1,200002,Q10,2023/7/1
steel_790,Q235C,FHYBE1H,GB/T 3050-2020,8,3500,5000,F1,2023/1/1,200002,Q1,2023/1/1
steel_791,Q245R(R-HIC),7ZQ98XH,GB/T 4040-2019,20,2700,11500,F3,2023/1/1,200002,Q7,2023/4/1
steel_792,Q245A,NJZOXYQ,GB/T 3050-2020,15,2500,7500,F7,2023/1/3,300003,Q5,2023/10/1
steel_793,Q345R(R-HIC),6E4XD2W,GB/T 6060-2017,25,2500,11500,F7,2023/1/2,300003,Q5,2023/10/1
steel_794,Q345C,B3L02BV,GB/T 5050-2018,16,2500,11500,F8,2023/1/1,500005,Q3,2023/1/1
steel_795,Q235B,R7XVLZO,GB/T 2025-2015,8,2500,7500,F6,2023/1/1,200002,Q10,2023/7/1
steel_796,Q235C,6UHG5WG,GB/T 2025-2015,20,3500,5000,F4,2023/1/2,300003,Q11,2023/7/1
steel_797,Q345R(R-HIC),RF2ACIX,GB/T 2025-2015,15,2700,5000,F2,2023/1/1,300003,Q5,2023/10/1
steel_798,Q235C,IUIEMCP,GB/T 3050-2020,25,2500,5000,F5,2023/1/3,300003,Q8,2023/4/1
steel_799,Q235B,RA3VNVC,GB/T 5050-2018,25,2700,7500,F3,2023/1/1,200002,Q4,2023/10/1
steel_800,Q345B,7HYE8DD,GB/T 4040-2019,20,2700,5000,F4,2023/1/1,500005,Q6,2023/10/1
