Filename,Material,Furnace,Standard,Thickness,Width,Length,Material_Code,Entry Time,Postal_Code,Batch,Delivery Time,Final Area,Final X,Final Y
steel_1,Q235B,RA9VXLL,GB/T 1122-2021,8,2700,7500,F1,2023-01-02,200002,Q1,2023-01-01,5,0,0
steel_2,Q235B,K6CAJCP,GB/T 4040-2019,18,2500,7500,F8,2023-01-03,200002,Q1,2023-01-01,1,0,1
steel_3,Q235D,UJVZH9X,GB/T 3050-2020,20,2700,5000,F4,2023-01-03,200002,Q1,2023-01-01,3,1,0
steel_4,Q345B,87STL9J,GB/T 4040-2019,18,2700,5000,F7,2023-01-02,200002,Q1,2023-01-01,1,1,0
steel_5,Q345C,621MUFR,GB/T 1122-2021,10,2700,7500,F3,2023-01-03,200002,Q1,2023-01-01,2,2,0
steel_6,Q345R(R-HIC),YKSG0LB,GB/T 5050-2018,16,2500,7500,F6,2023-01-03,200002,Q1,2023-01-01,4,0,1
steel_7,Q245R(R-HIC),TDZF6LU,GB/T 5050-2018,25,2700,7500,F7,2023-01-01,200002,Q1,2023-01-01,0,2,0
steel_8,Q235D,MZOA1RK,GB/T 5050-2018,25,2700,11500,F2,2023-01-01,200002,Q1,2023-01-01,1,2,1
steel_9,Q235C,QKLWHZ9,GB/T 3050-2020,25,2700,7500,F8,2023-01-02,200002,Q1,2023-01-01,0,0,0
steel_10,Q345C,8SB016D,GB/T 5050-2018,10,3500,17000,F2,2023-01-03,200002,Q1,2023-01-01,4,0,1
steel_11,Q345B,KQ891BC,GB/T 5050-2018,25,3500,11500,F1,2023-01-01,200002,Q1,2023-01-01,1,0,2
steel_12,Q345C,TDOT4RG,GB/T 3050-2020,10,2700,11500,F4,2023-01-02,200002,Q1,2023-01-01,1,1,0
steel_13,Q245A,UY71YNR,GB/T 5050-2018,16,2700,7500,F6,2023-01-01,200002,Q1,2023-01-01,3,0,0
steel_14,Q345C,Z54FGX4,GB/T 1122-2021,8,4700,11500,F2,2023-01-02,200002,Q1,2023-01-01,1,1,2
steel_15,Q235C,RIYO0RL,GB/T 2025-2015,16,2700,7500,F5,2023-01-03,200002,Q1,2023-01-01,4,1,0
steel_16,Q235C,Y2387UN,GB/T 4040-2019,21,3500,7500,F6,2023-01-01,200002,Q1,2023-01-01,2,1,1
steel_17,Q345R(R-HIC),AJK6SED,GB/T 4040-2019,20,2500,7500,F7,2023-01-02,200002,Q1,2023-01-01,3,0,0
steel_18,Q345B,BTHJIKU,GB/T 6060-2017,21,2500,7500,F5,2023-01-03,200002,Q1,2023-01-01,5,0,1
steel_19,Q235B,Z2OJP25,GB/T 4040-2019,21,4700,11500,F1,2023-01-02,200002,Q1,2023-01-01,5,1,0
steel_20,Q345C,SECBIFE,GB/T 6060-2017,18,2700,7500,F8,2023-01-03,200002,Q1,2023-01-01,2,0,1
steel_21,Q345B,GAAGU24,GB/T 5050-2018,20,2500,11500,F8,2023-01-03,200002,Q1,2023-01-01,3,0,0
steel_22,Q245A,GCRHTSK,GB/T 3050-2020,20,2500,7500,F1,2023-01-03,200002,Q1,2023-01-01,5,0,1
steel_23,Q235B,RTH5WLX,GB/T 4040-2019,15,2500,7500,F1,2023-01-01,200002,Q1,2023-01-01,1,2,0
steel_24,Q235B,87STL9J,GB/T 6060-2017,16,2700,5000,F3,2023-01-02,200002,Q1,2023-01-01,1,2,1
steel_25,Q245A,6CA4ZSB,GB/T 6060-2017,8,3500,13000,F2,2023-01-02,200002,Q1,2023-01-01,0,0,0
steel_26,Q245R(R-HIC),0P48PTI,GB/T 1122-2021,10,2500,7500,F7,2023-01-03,200002,Q1,2023-01-01,4,0,1
steel_27,Q345B,KHE3W7A,GB/T 3050-2020,25,2500,13000,F6,2023-01-03,200002,Q1,2023-01-01,2,1,0
steel_28,Q345R(R-HIC),A2JOJE7,GB/T 2025-2015,8,4700,7500,F3,2023-01-03,200002,Q1,2023-01-01,0,1,0
steel_29,Q345R(R-HIC),28F5IXF,GB/T 6060-2017,21,2700,11500,F6,2023-01-03,200002,Q1,2023-01-01,0,1,1
steel_30,Q245R(R-HIC),SGT2BRK,GB/T 3050-2020,25,2700,5000,F3,2023-01-01,200002,Q1,2023-01-01,0,1,2
steel_31,Q345B,O1HPDT0,GB/T 3050-2020,10,2500,5000,F7,2023-01-03,200002,Q1,2023-01-01,3,1,0
steel_32,Q345B,RA3VNVC,GB/T 1122-2021,16,3500,11500,F5,2023-01-03,200002,Q1,2023-01-01,5,1,1
steel_33,Q235B,6CA4ZSB,GB/T 6060-2017,25,3500,5000,F1,2023-01-01,200002,Q1,2023-01-01,4,0,0
steel_34,Q245A,JTJ5X69,GB/T 6060-2017,25,3500,5000,F1,2023-01-01,200002,Q1,2023-01-01,2,1,1
steel_35,Q245R(R-HIC),XN9SJHS,GB/T 3050-2020,15,2500,5000,F8,2023-01-02,200002,Q1,2023-01-01,4,1,0
steel_36,Q345R(R-HIC),3WKN3HU,GB/T 4040-2019,8,4700,5000,F5,2023-01-03,200002,Q1,2023-01-01,0,1,0
steel_37,Q235C,64ZVC5J,GB/T 3050-2020,8,2700,11500,F3,2023-01-03,200002,Q1,2023-01-01,3,0,0
steel_38,Q235C,5BQX6VN,GB/T 1122-2021,15,2700,5000,F2,2023-01-02,200002,Q1,2023-01-01,1,1,2
steel_39,Q235D,6E4XD2W,GB/T 2025-2015,20,2700,7500,F4,2023-01-01,200002,Q1,2023-01-01,1,2,0
steel_40,Q235B,HC01IZP,GB/T 3050-2020,10,2500,7500,F5,2023-01-03,200002,Q1,2023-01-01,4,1,1
steel_41,Q345B,RA9VXLL,GB/T 4040-2019,25,2500,5000,F7,2023-01-02,200002,Q1,2023-01-01,0,0,0
steel_42,Q345R(R-HIC),TDOT4RG,GB/T 5050-2018,8,2700,11500,F5,2023-01-03,200002,Q1,2023-01-01,4,0,1
steel_43,Q235D,4K4TR0M,GB/T 5050-2018,8,2500,13000,F1,2023-01-01,200002,Q1,2023-01-01,5,1,0
steel_44,Q235B,V9NRN6N,GB/T 2025-2015,16,4700,5000,F3,2023-01-02,200002,Q1,2023-01-01,0,1,0
steel_45,Q345R(R-HIC),CQMGZVJ,GB/T 4040-2019,20,2500,5000,F5,2023-01-03,200002,Q1,2023-01-01,3,0,0
steel_46,Q235C,V9NRN6N,GB/T 2025-2015,8,4700,13000,F7,2023-01-01,200002,Q1,2023-01-01,1,1,2
steel_47,Q245R(R-HIC),3TJ2JZ4,GB/T 6060-2017,18,3500,11500,F5,2023-01-02,200002,Q1,2023-01-01,5,1,0
steel_48,Q345R(R-HIC),SGT2BRK,GB/T 5050-2018,18,3500,5000,F6,2023-01-03,200002,Q1,2023-01-01,0,2,1
steel_49,Q245R(R-HIC),DUFOY38,GB/T 6060-2017,25,2700,15000,F7,2023-01-02,200002,Q1,2023-01-01,3,0,0
steel_50,Q245R(R-HIC),C9ZB19I,GB/T 2025-2015,18,4700,7500,F6,2023-01-02,200002,Q1,2023-01-01,0,0,1
steel_51,Q345B,MNGEAXH,GB/T 2025-2015,20,2700,7500,F1,2023-01-01,200002,Q1,2023-01-01,0,0,2
steel_52,Q245A,3W69200,GB/T 3050-2020,21,2700,5000,F5,2023-01-01,200002,Q1,2023-01-01,2,1,1
steel_53,Q345R(R-HIC),K6CAJCP,GB/T 4040-2019,8,2500,11500,F5,2023-01-03,200002,Q1,2023-01-01,1,1,1
steel_54,Q235D,D258TC6,GB/T 3050-2020,18,4700,7500,F2,2023-01-01,200002,Q1,2023-01-01,5,0,1
steel_55,Q345R(R-HIC),MTTD9XI,GB/T 2025-2015,25,2700,11500,F5,2023-01-03,200002,Q1,2023-01-01,0,2,0
steel_56,Q345R(R-HIC),DF8AJZJ,GB/T 6060-2017,20,4700,11500,F5,2023-01-03,200002,Q1,2023-01-01,3,1,1
steel_57,Q345B,6E4XD2W,GB/T 5050-2018,21,2500,7500,F6,2023-01-03,200002,Q1,2023-01-01,2,1,0
steel_58,Q345R(R-HIC),S12UU4J,GB/T 4040-2019,8,4700,17000,F4,2023-01-03,200002,Q1,2023-01-01,2,1,1
steel_59,Q245R(R-HIC),M1UPZ3Y,GB/T 4040-2019,21,3500,7500,F5,2023-01-01,200002,Q1,2023-01-01,2,2,0
steel_60,Q345R(R-HIC),TXMSCFY,GB/T 6060-2017,18,2700,7500,F5,2023-01-02,200002,Q1,2023-01-01,5,1,1
steel_61,Q245R(R-HIC),9E3B5FE,GB/T 2025-2015,18,3500,13000,F1,2023-01-02,200002,Q1,2023-01-01,4,0,0
steel_62,Q245R(R-HIC),RUB4SJD,GB/T 4040-2019,8,4700,15000,F7,2023-01-03,200002,Q1,2023-01-01,3,0,1
steel_63,Q245R(R-HIC),NPTQH1M,GB/T 4040-2019,8,4700,7500,F5,2023-01-01,200002,Q1,2023-01-01,1,2,0
steel_64,Q245R(R-HIC),AJK6SED,GB/T 4040-2019,20,2500,11500,F4,2023-01-01,200002,Q1,2023-01-01,2,1,1
steel_65,Q235C,3HEYBFO,GB/T 1122-2021,8,2500,11500,F1,2023-01-03,200002,Q1,2023-01-01,1,0,0
steel_66,Q235C,DUFOY38,GB/T 1122-2021,25,2700,11500,F4,2023-01-02,200002,Q1,2023-01-01,4,0,1
steel_67,Q245R(R-HIC),8MKPONK,GB/T 3050-2020,15,2700,5000,F5,2023-01-02,200002,Q1,2023-01-01,2,0,0
steel_68,Q235D,OM5MEKI,GB/T 4040-2019,21,4700,7500,F3,2023-01-02,200002,Q1,2023-01-01,0,1,0
steel_69,Q235C,MFVA0DI,GB/T 5050-2018,21,2700,7500,F7,2023-01-01,200002,Q1,2023-01-01,1,1,1
steel_70,Q245R(R-HIC),KRVFHUF,GB/T 3050-2020,21,2700,7500,F2,2023-01-01,200002,Q1,2023-01-01,5,0,1
steel_71,Q345C,5P5OJE5,GB/T 1122-2021,20,4700,7500,F8,2023-01-03,200002,Q1,2023-01-01,1,2,0
steel_72,Q345R(R-HIC),X4B4V36,GB/T 1122-2021,15,2700,5000,F4,2023-01-03,200002,Q1,2023-01-01,3,1,1
steel_73,Q235D,6CA4ZSB,GB/T 4040-2019,21,2500,7500,F4,2023-01-03,200002,Q1,2023-01-01,5,0,0
steel_74,Q345R(R-HIC),FJO3YY7,GB/T 6060-2017,10,2700,11500,F6,2023-01-02,200002,Q1,2023-01-01,3,0,1
steel_75,Q345B,3W69200,GB/T 6060-2017,10,2500,11500,F4,2023-01-02,200002,Q1,2023-01-01,3,1,0
steel_76,Q235B,O6P1SOD,GB/T 2025-2015,8,4700,7500,F3,2023-01-03,200002,Q1,2023-01-01,0,1,0
steel_77,Q235D,RTH5WLX,GB/T 4040-2019,20,2700,11500,F5,2023-01-02,200002,Q1,2023-01-01,1,1,1
steel_78,Q345R(R-HIC),IOKUB9A,GB/T 2025-2015,21,2700,7500,F1,2023-01-01,200002,Q1,2023-01-01,2,2,1
steel_79,Q245R(R-HIC),8IQWCMR,GB/T 3050-2020,10,2700,7500,F7,2023-01-03,200002,Q1,2023-01-01,3,1,0
steel_80,Q245R(R-HIC),KQNQ0LM,GB/T 4040-2019,8,4700,11500,F1,2023-01-01,200002,Q1,2023-01-01,2,0,1
steel_81,Q245A,GCRHTSK,GB/T 2025-2015,10,2500,11500,F5,2023-01-01,200002,Q1,2023-01-01,2,1,0
steel_82,Q345B,FHYBE1H,GB/T 2025-2015,15,3500,7500,F6,2023-01-03,200002,Q1,2023-01-01,2,1,1
steel_83,Q235B,BW645ZG,GB/T 1122-2021,10,4700,11500,F8,2023-01-02,200002,Q1,2023-01-01,0,0,2
steel_84,Q235C,KBCEYCI,GB/T 4040-2019,21,4700,5000,F4,2023-01-03,200002,Q1,2023-01-01,1,1,0
steel_85,Q235B,MNGEAXH,GB/T 4040-2019,16,2700,13000,F5,2023-01-03,200002,Q1,2023-01-01,2,0,0
steel_86,Q245A,3XRVAD6,GB/T 5050-2018,21,2700,7500,F3,2023-01-01,200002,Q1,2023-01-01,2,0,1
steel_87,Q345B,B3L02BV,GB/T 2025-2015,18,4700,11500,F1,2023-01-02,200002,Q1,2023-01-01,0,2,0
steel_88,Q345B,5USN2VI,GB/T 5050-2018,8,4700,7500,F2,2023-01-01,200002,Q1,2023-01-01,0,2,1
steel_89,Q245R(R-HIC),CQMGZVJ,GB/T 3050-2020,16,2700,5000,F2,2023-01-03,200002,Q1,2023-01-01,3,0,0
steel_90,Q345B,QK89HAW,GB/T 1122-2021,8,2700,15000,F4,2023-01-03,200002,Q1,2023-01-01,2,2,1
steel_91,Q345C,3TJ2JZ4,GB/T 5050-2018,25,4700,5000,F3,2023-01-03,200002,Q1,2023-01-01,2,0,0
steel_92,Q245A,LQN79VT,GB/T 1122-2021,16,4700,5000,F4,2023-01-01,200002,Q1,2023-01-01,2,0,1
steel_93,Q345B,KQNQ0LM,GB/T 5050-2018,16,4700,7500,F3,2023-01-03,200002,Q1,2023-01-01,2,1,0
steel_94,Q235B,8IQWCMR,GB/T 5050-2018,18,2700,7500,F2,2023-01-02,200002,Q1,2023-01-01,3,0,1
steel_95,Q345B,3GVSNY9,GB/T 6060-2017,8,2700,11500,F8,2023-01-02,200002,Q1,2023-01-01,1,2,0
steel_96,Q245R(R-HIC),TDOT4RG,GB/T 1122-2021,18,2700,5000,F1,2023-01-01,200002,Q1,2023-01-01,3,1,1
steel_97,Q245A,7L4C3CK,GB/T 2025-2015,8,2700,5000,F6,2023-01-02,200002,Q1,2023-01-01,2,0,0
steel_98,Q245R(R-HIC),3HEYBFO,GB/T 5050-2018,20,3500,5000,F5,2023-01-03,200002,Q1,2023-01-01,4,0,1
steel_99,Q345B,4LDID7Q,GB/T 5050-2018,20,2700,7500,F6,2023-01-01,200002,Q1,2023-01-01,4,1,0
steel_100,Q245A,P4HCFYR,GB/T 2025-2015,15,3500,7500,F8,2023-01-02,200002,Q1,2023-01-01,5,1,1
steel_101,Q235B,O1HPDT0,GB/T 5050-2018,8,2700,11500,F5,2023-01-02,200002,Q1,2023-01-01,3,0,0
steel_102,Q235D,7Y5SPMH,GB/T 4040-2019,18,2700,7500,F5,2023-01-02,200002,Q1,2023-01-01,4,0,1
steel_103,Q345C,Y4WDXCG,GB/T 2025-2015,16,2700,7500,F2,2023-01-02,200002,Q1,2023-01-01,0,2,0
steel_104,Q235C,SGT2BRK,GB/T 1122-2021,18,4700,11500,F3,2023-01-03,200002,Q1,2023-01-01,4,1,1
steel_105,Q245A,X89IA6L,GB/T 1122-2021,21,2500,7500,F2,2023-01-03,200002,Q1,2023-01-01,5,0,0
steel_106,Q235D,VOV2BEQ,GB/T 5050-2018,25,3500,5000,F4,2023-01-02,200002,Q1,2023-01-01,5,0,1
steel_107,Q345R(R-HIC),R3X73GM,GB/T 4040-2019,21,3500,15000,F2,2023-01-01,200002,Q1,2023-01-01,5,1,0
steel_108,Q235B,0DR6RNC,GB/T 1122-2021,25,4700,7500,F4,2023-01-03,200002,Q1,2023-01-01,5,1,1
steel_109,Q235D,D373K6W,GB/T 1122-2021,8,2700,7500,F8,2023-01-02,200002,Q1,2023-01-01,0,1,1
steel_110,Q345C,VHARAWS,GB/T 2025-2015,25,3500,15000,F4,2023-01-03,200002,Q1,2023-01-01,3,0,1
steel_111,Q235D,P39KVBM,GB/T 5050-2018,18,2700,5000,F7,2023-01-01,200002,Q1,2023-01-01,3,1,0
steel_112,Q245A,9WTGGC8,GB/T 1122-2021,8,3500,17000,F7,2023-01-03,200002,Q1,2023-01-01,5,1,1
steel_113,Q345B,VOV2BEQ,GB/T 2025-2015,21,2700,7500,F5,2023-01-01,200002,Q1,2023-01-01,2,2,0
steel_114,Q235D,95IQ4Z7,GB/T 5050-2018,8,2700,7500,F1,2023-01-03,200002,Q1,2023-01-01,1,0,1
steel_115,Q345R(R-HIC),ZAO3KZP,GB/T 3050-2020,16,2700,7500,F7,2023-01-02,200002,Q1,2023-01-01,3,1,0
steel_116,Q245A,3HEYBFO,GB/T 2025-2015,20,3500,5000,F6,2023-01-02,200002,Q1,2023-01-01,0,1,0
steel_117,Q235C,AJK6SED,GB/T 5050-2018,18,2700,7500,F1,2023-01-01,200002,Q1,2023-01-01,3,0,0
steel_118,Q345R(R-HIC),P39KVBM,GB/T 2025-2015,15,4700,11500,F8,2023-01-01,200002,Q1,2023-01-01,4,0,1
steel_119,Q245A,IUIEMCP,GB/T 3050-2020,18,2700,5000,F7,2023-01-03,200002,Q1,2023-01-01,4,1,0
steel_120,Q345C,87X4DD2,GB/T 3050-2020,20,4700,7500,F3,2023-01-01,200002,Q1,2023-01-01,5,1,1
steel_121,Q235D,4LDID7Q,GB/T 4040-2019,8,2700,7500,F7,2023-01-02,200002,Q1,2023-01-01,5,0,0
steel_122,Q235B,F5SGWDY,GB/T 2025-2015,18,2500,5000,F1,2023-01-01,200002,Q1,2023-01-01,5,0,1
steel_123,Q245R(R-HIC),7SM6KVU,GB/T 2025-2015,10,3500,11500,F7,2023-01-01,200002,Q1,2023-01-01,4,1,0
steel_124,Q345R(R-HIC),KVQZPCW,GB/T 1122-2021,16,3500,17000,F7,2023-01-03,200002,Q1,2023-01-01,5,1,1
steel_125,Q345C,02HHPJ6,GB/T 3050-2020,10,4700,5000,F8,2023-01-02,200002,Q1,2023-01-01,0,1,1
steel_126,Q245R(R-HIC),VPTJZUD,GB/T 2025-2015,21,2500,7500,F2,2023-01-01,200002,Q1,2023-01-01,3,0,1
steel_127,Q345R(R-HIC),NPTQH1M,GB/T 6060-2017,20,2500,13000,F1,2023-01-03,200002,Q1,2023-01-01,2,0,0
steel_128,Q245A,BRM0WHW,GB/T 5050-2018,25,4700,7500,F3,2023-01-03,200002,Q1,2023-01-01,4,1,1
steel_129,Q245R(R-HIC),RTH5WLX,GB/T 3050-2020,10,4700,5000,F2,2023-01-01,200002,Q1,2023-01-01,2,1,0
steel_130,Q345R(R-HIC),VOV2BEQ,GB/T 5050-2018,20,2500,15000,F2,2023-01-01,200002,Q1,2023-01-01,0,0,1
steel_131,Q235B,E0QBYRP,GB/T 2025-2015,15,3500,7500,F6,2023-01-03,200002,Q1,2023-01-01,0,0,2
steel_132,Q345C,FHYBE1H,GB/T 6060-2017,25,4700,11500,F3,2023-01-01,200002,Q1,2023-01-01,3,1,1
steel_133,Q345R(R-HIC),72KYO7Z,GB/T 5050-2018,8,4700,7500,F3,2023-01-03,200002,Q1,2023-01-01,2,0,0
steel_134,Q235B,TXMSCFY,GB/T 4040-2019,25,4700,7500,F2,2023-01-03,200002,Q1,2023-01-01,0,1,2
steel_135,Q235C,JTJ5X69,GB/T 3050-2020,10,3500,7500,F3,2023-01-01,200002,Q1,2023-01-01,1,2,0
steel_136,Q345B,HDAB0E9,GB/T 1122-2021,20,4700,7500,F5,2023-01-03,200002,Q1,2023-01-01,2,1,1
steel_137,Q235C,HZXFXX0,GB/T 5050-2018,8,2500,5000,F2,2023-01-01,200002,Q1,2023-01-01,3,0,0
steel_138,Q345B,ZX876O0,GB/T 5050-2018,21,2700,15000,F4,2023-01-01,200002,Q1,2023-01-01,1,0,1
steel_139,Q245R(R-HIC),SGLV0IX,GB/T 6060-2017,18,3500,7500,F2,2023-01-02,200002,Q1,2023-01-01,0,0,2
steel_140,Q235B,6UHG5WG,GB/T 4040-2019,21,2500,5000,F3,2023-01-02,200002,Q1,2023-01-01,1,1,0
steel_141,Q235B,3MBJKIE,GB/T 2025-2015,10,4700,7500,F5,2023-01-02,200002,Q1,2023-01-01,2,1,0
steel_142,Q235C,0ZUCSUW,GB/T 1122-2021,18,2700,5000,F8,2023-01-01,200002,Q1,2023-01-01,2,1,1
steel_143,Q235B,2IX13U8,GB/T 4040-2019,21,2700,5000,F4,2023-01-02,200002,Q1,2023-01-01,4,1,0
steel_144,Q245A,EPNG3F3,GB/T 5050-2018,10,3500,7500,F6,2023-01-01,200002,Q1,2023-01-01,3,1,1
steel_145,Q235B,8YVXEKN,GB/T 3050-2020,20,2700,11500,F2,2023-01-02,200002,Q1,2023-01-01,0,0,0
steel_146,Q235C,18L9LKP,GB/T 6060-2017,20,2700,11500,F7,2023-01-03,200002,Q1,2023-01-01,1,0,1
steel_147,Q235D,FA1K4WR,GB/T 6060-2017,8,3500,11500,F3,2023-01-03,200002,Q1,2023-01-01,3,1,0
steel_148,Q235D,1KVERUC,GB/T 3050-2020,18,2500,7500,F4,2023-01-03,200002,Q1,2023-01-01,2,1,1
steel_149,Q345R(R-HIC),8CZMUEA,GB/T 1122-2021,8,2700,5000,F3,2023-01-02,200002,Q1,2023-01-01,1,1,1
steel_150,Q345C,JTJ5X69,GB/T 6060-2017,21,2700,5000,F3,2023-01-02,200002,Q1,2023-01-01,0,1,2
steel_151,Q245A,KHPCRI2,GB/T 4040-2019,18,2700,11500,F5,2023-01-01,200002,Q2,2023-04-01,3,1,0
steel_152,Q235C,NWI1M3X,GB/T 3050-2020,8,4700,5000,F3,2023-01-02,200002,Q2,2023-04-01,2,0,1
steel_153,Q235B,SS5F6F1,GB/T 1122-2021,8,4700,7500,F7,2023-01-02,200002,Q2,2023-04-01,3,0,0
steel_154,Q345C,U2AOHRV,GB/T 6060-2017,18,3500,7500,F1,2023-01-02,200002,Q2,2023-04-01,0,0,1
steel_155,Q235C,NJZOXYQ,GB/T 1122-2021,21,2500,7500,F4,2023-01-01,200002,Q2,2023-04-01,1,0,2
steel_156,Q235D,N74PCTP,GB/T 6060-2017,15,2500,7500,F4,2023-01-02,200002,Q2,2023-04-01,5,1,1
steel_157,Q235B,7HYE8DD,GB/T 5050-2018,21,3500,7500,F3,2023-01-01,200002,Q2,2023-04-01,1,1,1
steel_158,Q235D,ZE9E4AH,GB/T 4040-2019,15,2500,5000,F7,2023-01-01,200002,Q2,2023-04-01,4,0,1
steel_159,Q235C,2FOB0KK,GB/T 4040-2019,18,2500,5000,F2,2023-01-03,200002,Q2,2023-04-01,0,2,0
steel_160,Q235D,Q11XWMT,GB/T 2025-2015,16,2700,17000,F7,2023-01-03,200002,Q2,2023-04-01,3,1,1
steel_161,Q245R(R-HIC),UILQU2Z,GB/T 5050-2018,16,2700,11500,F6,2023-01-02,200002,Q2,2023-04-01,2,2,0
steel_162,Q245R(R-HIC),R7XVLZO,GB/T 5050-2018,18,2700,7500,F6,2023-01-03,200002,Q2,2023-04-01,0,0,1
steel_163,Q345C,PVE4CU2,GB/T 6060-2017,16,2700,13000,F5,2023-01-01,200002,Q2,2023-04-01,2,0,0
steel_164,Q235C,BTHJIKU,GB/T 1122-2021,10,4700,17000,F2,2023-01-03,200002,Q2,2023-04-01,5,1,1
steel_165,Q235D,P4HCFYR,GB/T 1122-2021,10,2500,7500,F5,2023-01-01,200002,Q2,2023-04-01,5,0,0
steel_166,Q345R(R-HIC),LJ8ZEUF,GB/T 1122-2021,21,2700,17000,F5,2023-01-02,200002,Q2,2023-04-01,0,1,2
steel_167,Q235C,CXWNNG5,GB/T 3050-2020,25,4700,11500,F1,2023-01-01,200002,Q2,2023-04-01,4,1,0
steel_168,Q235C,NPTQH1M,GB/T 6060-2017,16,4700,7500,F7,2023-01-01,200002,Q2,2023-04-01,1,2,1
steel_169,Q235B,8YCRZ0U,GB/T 6060-2017,16,3500,5000,F3,2023-01-02,200002,Q2,2023-04-01,2,0,0
steel_170,Q245A,S1LBNWS,GB/T 3050-2020,25,4700,11500,F8,2023-01-01,200002,Q2,2023-04-01,0,0,1
steel_171,Q235B,7ZQ98XH,GB/T 6060-2017,10,2700,7500,F4,2023-01-02,200002,Q2,2023-04-01,3,1,0
steel_172,Q345B,0R5F5QR,GB/T 6060-2017,20,2700,5000,F6,2023-01-03,200002,Q2,2023-04-01,4,1,1
steel_173,Q345C,I0KAMWH,GB/T 2025-2015,18,3500,5000,F6,2023-01-01,200002,Q2,2023-04-01,0,1,1
steel_174,Q235C,B04H2H3,GB/T 6060-2017,18,2500,7500,F2,2023-01-01,200002,Q2,2023-04-01,0,1,2
steel_175,Q245A,621MUFR,GB/T 5050-2018,8,4700,5000,F7,2023-01-02,200002,Q2,2023-04-01,2,0,0
steel_176,Q345R(R-HIC),DUW3AU4,GB/T 3050-2020,20,4700,11500,F7,2023-01-02,200002,Q2,2023-04-01,0,2,1
steel_177,Q345R(R-HIC),KHE3W7A,GB/T 4040-2019,15,3500,5000,F5,2023-01-01,200002,Q2,2023-04-01,2,1,0
steel_178,Q245R(R-HIC),VHARAWS,GB/T 3050-2020,8,2700,7500,F2,2023-01-03,200002,Q2,2023-04-01,1,0,1
steel_179,Q345C,CQMGZVJ,GB/T 5050-2018,16,2700,5000,F2,2023-01-02,200002,Q2,2023-04-01,2,2,0
steel_180,Q345R(R-HIC),9E3B5FE,GB/T 5050-2018,15,2700,7500,F6,2023-01-03,200002,Q2,2023-04-01,2,2,1
steel_181,Q345R(R-HIC),KTQMRXF,GB/T 3050-2020,8,4700,7500,F7,2023-01-03,200002,Q2,2023-04-01,5,0,0
steel_182,Q235B,TXMSCFY,GB/T 3050-2020,10,4700,7500,F8,2023-01-01,200002,Q2,2023-04-01,2,0,1
steel_183,Q345R(R-HIC),QKZDI4E,GB/T 5050-2018,15,2700,15000,F4,2023-01-02,200002,Q2,2023-04-01,4,1,0
steel_184,Q235C,QKLWHZ9,GB/T 5050-2018,16,4700,13000,F5,2023-01-02,200002,Q2,2023-04-01,5,1,1
steel_185,Q245A,3A1RRGN,GB/T 4040-2019,8,2700,7500,F6,2023-01-03,200002,Q2,2023-04-01,4,0,0
steel_186,Q345R(R-HIC),ZAO3KZP,GB/T 3050-2020,25,4700,11500,F8,2023-01-03,200002,Q2,2023-04-01,2,2,1
steel_187,Q345R(R-HIC),9KO3JBE,GB/T 6060-2017,15,2500,17000,F6,2023-01-02,200002,Q2,2023-04-01,3,1,0
steel_188,Q345B,YQF68EE,GB/T 2025-2015,18,2500,7500,F4,2023-01-01,200002,Q2,2023-04-01,2,0,1
steel_189,Q235C,O2X92JX,GB/T 1122-2021,16,2500,13000,F1,2023-01-01,200002,Q2,2023-04-01,1,1,1
steel_190,Q245A,Q0CYXUI,GB/T 6060-2017,25,4700,15000,F8,2023-01-01,200002,Q2,2023-04-01,3,0,1
steel_191,Q235C,SGLV0IX,GB/T 5050-2018,15,2700,11500,F4,2023-01-02,200002,Q2,2023-04-01,5,1,0
steel_192,Q345C,ZX876O0,GB/T 1122-2021,18,2700,11500,F7,2023-01-01,200002,Q2,2023-04-01,0,2,1
steel_193,Q235B,4LDID7Q,GB/T 1122-2021,16,2500,7500,F3,2023-01-03,200002,Q2,2023-04-01,0,0,0
steel_194,Q345R(R-HIC),BTHJIKU,GB/T 2025-2015,21,2700,5000,F8,2023-01-03,200002,Q2,2023-04-01,4,0,1
steel_195,Q245A,CWGB0TK,GB/T 6060-2017,21,4700,7500,F8,2023-01-01,200002,Q2,2023-04-01,0,0,2
steel_196,Q345R(R-HIC),H60UCIF,GB/T 2025-2015,15,2500,7500,F7,2023-01-02,200002,Q2,2023-04-01,4,1,1
steel_197,Q245A,ZXN6F8S,GB/T 6060-2017,8,2700,5000,F3,2023-01-03,200002,Q2,2023-04-01,4,0,0
steel_198,Q245A,QNA9F82,GB/T 6060-2017,18,4700,11500,F2,2023-01-01,200002,Q2,2023-04-01,4,0,1
steel_199,Q235D,G538PC9,GB/T 3050-2020,20,4700,17000,F6,2023-01-01,200002,Q2,2023-04-01,4,1,0
steel_200,Q235C,QK89HAW,GB/T 3050-2020,8,4700,7500,F8,2023-01-03,200002,Q2,2023-04-01,3,1,1
steel_201,Q235C,UISISWY,GB/T 2025-2015,20,2700,17000,F3,2023-01-02,300003,Q3,2023-04-01,1,0,0
steel_202,Q245A,Z54FGX4,GB/T 1122-2021,8,2700,11500,F2,2023-01-01,300003,Q3,2023-04-01,0,0,1
steel_203,Q245R(R-HIC),SS5F6F1,GB/T 1122-2021,18,3500,7500,F6,2023-01-03,300003,Q3,2023-04-01,0,0,2
steel_204,Q235D,DIKDCW1,GB/T 3050-2020,8,4700,7500,F5,2023-01-03,300003,Q3,2023-04-01,1,1,0
steel_205,Q235D,SGT2BRK,GB/T 5050-2018,21,2500,5000,F1,2023-01-01,300003,Q3,2023-04-01,3,0,0
steel_206,Q345R(R-HIC),SHL66DZ,GB/T 1122-2021,16,4700,5000,F2,2023-01-03,300003,Q3,2023-04-01,0,1,2
steel_207,Q235C,MYEHRT3,GB/T 5050-2018,25,2700,5000,F1,2023-01-02,300003,Q3,2023-04-01,0,2,0
steel_208,Q235D,8SB016D,GB/T 5050-2018,16,2700,15000,F2,2023-01-02,300003,Q3,2023-04-01,1,2,1
steel_209,Q235D,AJK6SED,GB/T 5050-2018,15,2500,17000,F7,2023-01-01,300003,Q3,2023-04-01,3,0,0
steel_210,Q345C,SHL66DZ,GB/T 1122-2021,18,2500,7500,F2,2023-01-03,300003,Q3,2023-04-01,4,0,1
steel_211,Q245R(R-HIC),OMYQBHG,GB/T 1122-2021,21,2500,17000,F2,2023-01-01,300003,Q3,2023-04-01,3,1,0
steel_212,Q245A,WXJG952,GB/T 3050-2020,10,4700,11500,F7,2023-01-03,300003,Q3,2023-04-01,1,1,0
steel_213,Q245A,4H07DV0,GB/T 3050-2020,10,3500,5000,F2,2023-01-01,300003,Q3,2023-04-01,0,1,1
steel_214,Q345R(R-HIC),8MKPONK,GB/T 4040-2019,18,2500,11500,F5,2023-01-02,300003,Q3,2023-04-01,0,1,2
steel_215,Q345R(R-HIC),S85NKSK,GB/T 6060-2017,10,3500,5000,F1,2023-01-01,300003,Q3,2023-04-01,5,1,0
steel_216,Q345C,FA1K4WR,GB/T 1122-2021,25,2500,7500,F4,2023-01-01,300003,Q3,2023-04-01,1,2,1
steel_217,Q235D,D1VQLXV,GB/T 3050-2020,18,2500,7500,F8,2023-01-01,300003,Q3,2023-04-01,0,0,0
steel_218,Q245A,95RCE0K,GB/T 4040-2019,21,3500,5000,F6,2023-01-01,300003,Q3,2023-04-01,3,0,1
steel_219,Q345R(R-HIC),D1VQLXV,GB/T 4040-2019,15,4700,5000,F3,2023-01-01,300003,Q3,2023-04-01,2,1,0
steel_220,Q345C,BW645ZG,GB/T 3050-2020,20,2500,13000,F3,2023-01-03,300003,Q3,2023-04-01,5,1,1
steel_221,Q235C,6X5GTA2,GB/T 5050-2018,10,4700,7500,F6,2023-01-01,300003,Q3,2023-04-01,4,0,0
steel_222,Q245A,SLFOJTB,GB/T 1122-2021,18,3500,7500,F7,2023-01-02,300003,Q3,2023-04-01,4,0,1
steel_223,Q345R(R-HIC),MTTD9XI,GB/T 3050-2020,8,3500,7500,F3,2023-01-02,300003,Q3,2023-04-01,0,2,0
steel_224,Q245A,50IHPKL,GB/T 2025-2015,8,3500,7500,F1,2023-01-02,300003,Q3,2023-04-01,1,2,1
steel_225,Q345B,NM4OMFX,GB/T 1122-2021,21,3500,7500,F5,2023-01-02,300003,Q3,2023-04-01,4,0,0
steel_226,Q245R(R-HIC),J6RT5EK,GB/T 5050-2018,20,2500,11500,F7,2023-01-01,300003,Q3,2023-04-01,1,0,1
steel_227,Q245A,NM4OMFX,GB/T 1122-2021,10,4700,17000,F1,2023-01-02,300003,Q3,2023-04-01,2,2,0
steel_228,Q345C,BTCXT0R,GB/T 6060-2017,16,2700,7500,F5,2023-01-01,300003,Q3,2023-04-01,0,1,0
steel_229,Q245A,0DR6RNC,GB/T 4040-2019,8,3500,7500,F7,2023-01-01,300003,Q3,2023-04-01,1,1,1
steel_230,Q235B,04IDY93,GB/T 1122-2021,18,2500,7500,F5,2023-01-02,300003,Q3,2023-04-01,5,0,1
steel_231,Q235B,TDZF6LU,GB/T 4040-2019,21,2500,7500,F7,2023-01-01,300003,Q3,2023-04-01,0,2,0
steel_232,Q235C,8IQWCMR,GB/T 1122-2021,20,2700,5000,F7,2023-01-03,300003,Q3,2023-04-01,1,2,1
steel_233,Q235B,3MBJKIE,GB/T 1122-2021,21,2500,11500,F6,2023-01-02,300003,Q3,2023-04-01,0,0,0
steel_234,Q235C,2IX13U8,GB/T 2025-2015,20,2700,7500,F1,2023-01-03,300003,Q3,2023-04-01,4,0,1
steel_235,Q235B,H60UCIF,GB/T 5050-2018,8,2700,11500,F7,2023-01-03,300003,Q3,2023-04-01,3,1,0
steel_236,Q345B,DIKDCW1,GB/T 2025-2015,15,2700,7500,F8,2023-01-01,300003,Q3,2023-04-01,5,1,1
steel_237,Q235B,8YCRZ0U,GB/T 4040-2019,8,4700,7500,F4,2023-01-01,300003,Q3,2023-04-01,1,1,1
steel_238,Q345C,4VKBN6F,GB/T 6060-2017,18,2500,15000,F7,2023-01-03,300003,Q3,2023-04-01,1,1,2
steel_239,Q245R(R-HIC),6WDQ0K6,GB/T 5050-2018,20,2700,7500,F8,2023-01-01,300003,Q3,2023-04-01,1,2,0
steel_240,Q235D,SLFOJTB,GB/T 3050-2020,18,2700,7500,F5,2023-01-02,300003,Q3,2023-04-01,4,1,1
steel_241,Q235D,R60ELEK,GB/T 2025-2015,25,2700,7500,F1,2023-01-01,300003,Q3,2023-04-01,4,0,0
steel_242,Q245R(R-HIC),BTHJIKU,GB/T 2025-2015,21,2700,11500,F6,2023-01-02,300003,Q3,2023-04-01,2,0,1
steel_243,Q345B,KQNQ0LM,GB/T 6060-2017,8,2700,5000,F3,2023-01-03,300003,Q3,2023-04-01,2,1,0
steel_244,Q245R(R-HIC),VHARAWS,GB/T 2025-2015,10,4700,7500,F2,2023-01-02,300003,Q3,2023-04-01,4,1,1
steel_245,Q345R(R-HIC),HPMHZJ4,GB/T 5050-2018,16,4700,11500,F4,2023-01-03,300003,Q3,2023-04-01,0,1,1
steel_246,Q245R(R-HIC),E0QBYRP,GB/T 2025-2015,20,2700,7500,F1,2023-01-02,300003,Q3,2023-04-01,3,0,1
steel_247,Q345B,MFVA0DI,GB/T 2025-2015,8,4700,15000,F7,2023-01-01,300003,Q3,2023-04-01,4,1,0
steel_248,Q235D,6J90XF3,GB/T 1122-2021,20,2700,7500,F4,2023-01-01,300003,Q3,2023-04-01,2,0,1
steel_249,Q235D,88FN82V,GB/T 5050-2018,8,2700,7500,F1,2023-01-03,300003,Q3,2023-04-01,1,0,0
steel_250,Q345C,F5SGWDY,GB/T 2025-2015,20,2500,7500,F2,2023-01-03,300003,Q3,2023-04-01,2,1,1
steel_251,Q235C,C88GXCR,GB/T 5050-2018,21,4700,17000,F2,2023-01-01,300003,Q3,2023-04-01,2,2,0
steel_252,Q235D,KTQMRXF,GB/T 6060-2017,10,2700,7500,F3,2023-01-01,300003,Q3,2023-04-01,3,1,1
steel_253,Q345R(R-HIC),ZQZSZKV,GB/T 6060-2017,16,2700,7500,F5,2023-01-02,300003,Q3,2023-04-01,4,0,0
steel_254,Q245R(R-HIC),IOKUB9A,GB/T 6060-2017,25,3500,7500,F7,2023-01-01,300003,Q3,2023-04-01,1,1,2
steel_255,Q345B,KBCEYCI,GB/T 2025-2015,16,2500,7500,F1,2023-01-01,300003,Q3,2023-04-01,0,2,0
steel_256,Q245A,QNA9F82,GB/T 2025-2015,16,2700,7500,F1,2023-01-01,300003,Q3,2023-04-01,5,1,1
steel_257,Q245R(R-HIC),44UFVT6,GB/T 5050-2018,10,2700,17000,F3,2023-01-03,300003,Q3,2023-04-01,5,0,0
steel_258,Q245A,XXCJ64M,GB/T 4040-2019,15,2700,7500,F8,2023-01-03,300003,Q3,2023-04-01,3,0,1
steel_259,Q245R(R-HIC),P2ML9R2,GB/T 5050-2018,16,4700,11500,F4,2023-01-01,300003,Q3,2023-04-01,1,0,2
steel_260,Q245R(R-HIC),DUW3AU4,GB/T 4040-2019,10,2700,5000,F2,2023-01-03,300003,Q3,2023-04-01,2,0,1
steel_261,Q235C,D373K6W,GB/T 5050-2018,20,2700,7500,F6,2023-01-02,300003,Q3,2023-04-01,3,0,0
steel_262,Q245A,8CZMUEA,GB/T 2025-2015,15,2700,11500,F6,2023-01-01,300003,Q3,2023-04-01,2,1,1
steel_263,Q235C,S1LBNWS,GB/T 6060-2017,25,3500,11500,F4,2023-01-03,300003,Q3,2023-04-01,4,1,0
steel_264,Q235C,88FN82V,GB/T 1122-2021,10,4700,7500,F4,2023-01-03,300003,Q3,2023-04-01,5,1,1
steel_265,Q345R(R-HIC),EGZ369S,GB/T 3050-2020,20,2700,11500,F5,2023-01-01,300003,Q3,2023-04-01,1,0,0
steel_266,Q235C,OMYQBHG,GB/T 4040-2019,20,3500,7500,F3,2023-01-01,300003,Q3,2023-04-01,0,0,1
steel_267,Q235C,M1UPZ3Y,GB/T 3050-2020,18,2700,5000,F6,2023-01-02,300003,Q3,2023-04-01,5,1,0
steel_268,Q235C,MYEHRT3,GB/T 6060-2017,8,4700,7500,F8,2023-01-02,300003,Q3,2023-04-01,4,1,1
steel_269,Q345R(R-HIC),3MBJKIE,GB/T 2025-2015,20,3500,7500,F6,2023-01-02,300003,Q3,2023-04-01,0,1,1
steel_270,Q235D,D4YLR31,GB/T 3050-2020,8,4700,7500,F2,2023-01-01,300003,Q3,2023-04-01,3,0,1
steel_271,Q345C,O2X92JX,GB/T 6060-2017,20,4700,5000,F5,2023-01-01,300003,Q3,2023-04-01,5,1,0
steel_272,Q245A,UISISWY,GB/T 6060-2017,21,2500,7500,F8,2023-01-02,300003,Q3,2023-04-01,2,0,1
steel_273,Q345R(R-HIC),FA1K4WR,GB/T 3050-2020,21,4700,5000,F3,2023-01-01,300003,Q3,2023-04-01,5,0,0
steel_274,Q235D,CQU1C4C,GB/T 3050-2020,18,2700,15000,F6,2023-01-01,300003,Q3,2023-04-01,5,0,1
steel_275,Q345R(R-HIC),0QN1TJ2,GB/T 4040-2019,20,2700,7500,F4,2023-01-03,300003,Q3,2023-04-01,0,0,2
steel_276,Q345C,RTH5WLX,GB/T 6060-2017,18,4700,11500,F2,2023-01-01,300003,Q3,2023-04-01,1,1,0
steel_277,Q245R(R-HIC),6P33R3B,GB/T 4040-2019,21,2500,11500,F1,2023-01-03,300003,Q3,2023-04-01,0,1,1
steel_278,Q235B,ZQZSZKV,GB/T 5050-2018,15,2700,7500,F3,2023-01-02,300003,Q3,2023-04-01,4,0,1
steel_279,Q345C,4H07DV0,GB/T 4040-2019,18,2700,17000,F4,2023-01-03,300003,Q3,2023-04-01,1,2,0
steel_280,Q245A,WM7J4YE,GB/T 1122-2021,15,3500,15000,F7,2023-01-02,300003,Q3,2023-04-01,2,1,1
steel_281,Q235D,XUOHVM1,GB/T 2025-2015,18,2700,5000,F7,2023-01-02,300003,Q3,2023-04-01,3,0,0
steel_282,Q345C,OYJ1KIP,GB/T 4040-2019,25,2500,11500,F5,2023-01-03,300003,Q3,2023-04-01,4,0,1
steel_283,Q345C,V9NRN6N,GB/T 4040-2019,25,2500,5000,F5,2023-01-01,300003,Q3,2023-04-01,1,0,2
steel_284,Q235C,9W9W7HZ,GB/T 5050-2018,25,2500,5000,F8,2023-01-03,300003,Q3,2023-04-01,0,1,0
steel_285,Q245R(R-HIC),B04H2H3,GB/T 3050-2020,10,2700,5000,F3,2023-01-01,300003,Q3,2023-04-01,0,1,1
steel_286,Q345C,CRX5AQ8,GB/T 4040-2019,21,2700,5000,F6,2023-01-01,300003,Q3,2023-04-01,0,1,2
steel_287,Q345B,8YCRZ0U,GB/T 4040-2019,18,4700,7500,F2,2023-01-01,300003,Q3,2023-04-01,3,1,0
steel_288,Q235D,NWI1M3X,GB/T 3050-2020,16,2500,11500,F8,2023-01-02,300003,Q3,2023-04-01,1,2,1
steel_289,Q235C,88FN82V,GB/T 1122-2021,16,3500,13000,F6,2023-01-03,300003,Q3,2023-04-01,5,0,0
steel_290,Q245R(R-HIC),8EP6F5U,GB/T 4040-2019,8,4700,11500,F6,2023-01-01,300003,Q3,2023-04-01,5,0,1
steel_291,Q245R(R-HIC),UJVZH9X,GB/T 1122-2021,10,2700,7500,F4,2023-01-02,300003,Q3,2023-04-01,1,0,2
steel_292,Q235C,CTHO4QT,GB/T 6060-2017,15,2700,11500,F1,2023-01-02,300003,Q3,2023-04-01,5,1,1
steel_293,Q235D,8SB016D,GB/T 3050-2020,25,2500,7500,F1,2023-01-01,300003,Q3,2023-04-01,0,1,1
steel_294,Q245A,7L4C3CK,GB/T 5050-2018,8,2700,7500,F3,2023-01-03,300003,Q3,2023-04-01,0,1,2
steel_295,Q345C,Q4IJWB6,GB/T 1122-2021,25,2500,11500,F3,2023-01-01,300003,Q3,2023-04-01,2,0,0
steel_296,Q235B,4K4TR0M,GB/T 5050-2018,15,3500,17000,F6,2023-01-01,300003,Q3,2023-04-01,3,1,1
steel_297,Q235B,PGMZI45,GB/T 6060-2017,20,4700,5000,F5,2023-01-03,300003,Q3,2023-04-01,3,0,0
steel_298,Q345R(R-HIC),87X4DD2,GB/T 2025-2015,8,2700,11500,F1,2023-01-03,300003,Q3,2023-04-01,4,0,1
steel_299,Q235D,UEA5MQ2,GB/T 1122-2021,8,2700,7500,F2,2023-01-02,300003,Q3,2023-04-01,4,1,0
steel_300,Q235B,ROGBOID,GB/T 4040-2019,25,2700,13000,F6,2023-01-03,300003,Q3,2023-04-01,2,2,1
steel_301,Q345C,P4HCFYR,GB/T 3050-2020,16,2700,7500,F5,2023-01-03,300003,Q4,2023-07-01,0,1,1
steel_302,Q235D,EGZ369S,GB/T 4040-2019,21,2500,17000,F5,2023-01-02,300003,Q4,2023-07-01,3,0,1
steel_303,Q245A,HPMHZJ4,GB/T 1122-2021,18,2700,5000,F2,2023-01-02,300003,Q4,2023-07-01,1,2,0
steel_304,Q245A,3KX4URW,GB/T 5050-2018,10,4700,15000,F5,2023-01-02,300003,Q4,2023-07-01,1,2,1
steel_305,Q245R(R-HIC),B04H2H3,GB/T 5050-2018,20,4700,7500,F3,2023-01-02,300003,Q4,2023-07-01,0,0,0
steel_306,Q345R(R-HIC),5FRBI23,GB/T 2025-2015,10,2500,11500,F2,2023-01-02,300003,Q4,2023-07-01,1,0,1
steel_307,Q345B,99421IL,GB/T 5050-2018,8,4700,7500,F4,2023-01-03,300003,Q4,2023-07-01,4,1,0
steel_308,Q245R(R-HIC),VHARAWS,GB/T 6060-2017,16,4700,5000,F6,2023-01-01,300003,Q4,2023-07-01,4,1,1
steel_309,Q345C,AJ6P2QV,GB/T 3050-2020,20,2500,11500,F3,2023-01-02,300003,Q4,2023-07-01,4,0,0
steel_310,Q245R(R-HIC),KTQMRXF,GB/T 6060-2017,8,2700,7500,F6,2023-01-03,300003,Q4,2023-07-01,5,0,1
steel_311,Q345B,BTHJIKU,GB/T 3050-2020,21,4700,11500,F4,2023-01-03,300003,Q4,2023-07-01,2,2,0
steel_312,Q235B,WM7J4YE,GB/T 3050-2020,20,2700,5000,F1,2023-01-03,300003,Q4,2023-07-01,4,1,1
steel_313,Q245R(R-HIC),DIKDCW1,GB/T 1122-2021,21,2500,7500,F7,2023-01-03,300003,Q4,2023-07-01,0,0,0
steel_314,Q345B,0ZUCSUW,GB/T 4040-2019,8,4700,15000,F6,2023-01-01,300003,Q4,2023-07-01,0,0,1
steel_315,Q345R(R-HIC),N9CF1ZI,GB/T 1122-2021,20,2700,7500,F4,2023-01-02,300003,Q4,2023-07-01,3,1,0
steel_316,Q245R(R-HIC),ZWZURLA,GB/T 6060-2017,20,2500,7500,F1,2023-01-03,300003,Q4,2023-07-01,1,1,0
steel_317,Q245R(R-HIC),9TIL02C,GB/T 1122-2021,25,3500,7500,F1,2023-01-03,300003,Q4,2023-07-01,1,1,1
steel_318,Q345C,CQMGZVJ,GB/T 2025-2015,20,4700,7500,F2,2023-01-02,300003,Q4,2023-07-01,2,2,1
steel_319,Q235D,BTCXT0R,GB/T 1122-2021,18,4700,15000,F4,2023-01-02,300003,Q4,2023-07-01,3,1,0
steel_320,Q245A,Z2OJP25,GB/T 4040-2019,20,4700,5000,F6,2023-01-02,300003,Q4,2023-07-01,4,1,1
steel_321,Q345C,RA9VXLL,GB/T 3050-2020,16,2700,17000,F4,2023-01-02,300003,Q4,2023-07-01,1,0,0
steel_322,Q235B,D4YLR31,GB/T 4040-2019,15,4700,7500,F7,2023-01-03,300003,Q4,2023-07-01,0,0,1
steel_323,Q345B,XXCJ64M,GB/T 5050-2018,20,4700,11500,F5,2023-01-03,300003,Q4,2023-07-01,2,2,0
steel_324,Q345R(R-HIC),RTH5WLX,GB/T 4040-2019,18,2500,5000,F5,2023-01-03,300003,Q4,2023-07-01,3,1,1
steel_325,Q245A,8N3UMZC,GB/T 5050-2018,8,2500,7500,F1,2023-01-03,300003,Q4,2023-07-01,5,0,0
steel_326,Q245R(R-HIC),YKSG0LB,GB/T 2025-2015,10,4700,11500,F7,2023-01-01,300003,Q4,2023-07-01,5,0,1
steel_327,Q345B,YHR7IB4,GB/T 6060-2017,15,2700,7500,F4,2023-01-01,300003,Q4,2023-07-01,2,1,0
steel_328,Q345C,V9NRN6N,GB/T 1122-2021,15,2500,7500,F2,2023-01-03,300003,Q4,2023-07-01,5,1,1
steel_329,Q345C,NWI1M3X,GB/T 5050-2018,18,3500,11500,F4,2023-01-02,300003,Q4,2023-07-01,5,0,0
steel_330,Q345C,U2AOHRV,GB/T 6060-2017,18,4700,5000,F5,2023-01-03,300003,Q4,2023-07-01,1,0,1
steel_331,Q235D,R7XVLZO,GB/T 4040-2019,18,2700,5000,F2,2023-01-03,300003,Q4,2023-07-01,0,0,2
steel_332,Q345R(R-HIC),72KYO7Z,GB/T 5050-2018,15,2500,5000,F5,2023-01-03,300003,Q4,2023-07-01,5,1,1
steel_333,Q345R(R-HIC),E0QBYRP,GB/T 1122-2021,15,3500,7500,F1,2023-01-03,300003,Q4,2023-07-01,5,0,0
steel_334,Q245R(R-HIC),DIKE2AD,GB/T 3050-2020,18,2500,7500,F1,2023-01-03,300003,Q4,2023-07-01,0,1,2
steel_335,Q245A,6KPENAM,GB/T 3050-2020,8,2700,7500,F3,2023-01-03,300003,Q4,2023-07-01,0,2,0
steel_336,Q235B,3HEYBFO,GB/T 2025-2015,16,2500,7500,F1,2023-01-03,300003,Q4,2023-07-01,2,2,1
steel_337,Q245R(R-HIC),SS5F6F1,GB/T 3050-2020,25,2500,7500,F5,2023-01-01,300003,Q4,2023-07-01,0,0,0
steel_338,Q345C,UZW1FL1,GB/T 3050-2020,21,2700,7500,F2,2023-01-03,300003,Q4,2023-07-01,1,0,1
steel_339,Q345C,88FN82V,GB/T 3050-2020,15,3500,7500,F7,2023-01-02,300003,Q4,2023-07-01,2,1,0
steel_340,Q245A,S1LBNWS,GB/T 6060-2017,25,4700,11500,F6,2023-01-03,300003,Q4,2023-07-01,2,1,1
steel_341,Q345B,99421IL,GB/T 1122-2021,8,2500,7500,F2,2023-01-02,300003,Q4,2023-07-01,0,1,1
steel_342,Q235B,DF8AJZJ,GB/T 2025-2015,15,2700,7500,F6,2023-01-03,300003,Q4,2023-07-01,2,2,1
steel_343,Q235C,3XRVAD6,GB/T 1122-2021,8,2700,7500,F4,2023-01-03,300003,Q4,2023-07-01,2,0,0
steel_344,Q345B,44UFVT6,GB/T 3050-2020,20,4700,13000,F3,2023-01-03,300003,Q4,2023-07-01,5,1,1
steel_345,Q345C,MZOA1RK,GB/T 5050-2018,20,2700,7500,F7,2023-01-02,300003,Q4,2023-07-01,2,1,0
steel_346,Q345C,9WTGGC8,GB/T 1122-2021,25,2500,11500,F4,2023-01-01,300003,Q4,2023-07-01,3,0,1
steel_347,Q245A,KHE3W7A,GB/T 5050-2018,20,3500,11500,F6,2023-01-02,300003,Q4,2023-07-01,4,1,0
steel_348,Q245A,WTJXGQU,GB/T 5050-2018,15,4700,7500,F5,2023-01-03,300003,Q4,2023-07-01,4,1,1
steel_349,Q245A,5BQX6VN,GB/T 3050-2020,20,2700,5000,F2,2023-01-03,300003,Q4,2023-07-01,4,0,0
steel_350,Q345B,4LDID7Q,GB/T 5050-2018,8,4700,17000,F2,2023-01-03,300003,Q4,2023-07-01,1,1,2
steel_351,Q345B,QDJJL28,GB/T 5050-2018,8,2500,7500,F8,2023-01-03,300003,Q4,2023-07-01,5,1,0
steel_352,Q245R(R-HIC),OR3HN1A,GB/T 3050-2020,10,3500,11500,F1,2023-01-02,300003,Q4,2023-07-01,2,1,1
steel_353,Q235C,MFVA0DI,GB/T 6060-2017,21,4700,13000,F1,2023-01-02,300003,Q4,2023-07-01,4,0,0
steel_354,Q245R(R-HIC),7LNYVFN,GB/T 3050-2020,20,4700,7500,F6,2023-01-01,300003,Q4,2023-07-01,2,2,1
steel_355,Q345B,RA9VXLL,GB/T 5050-2018,25,2700,7500,F1,2023-01-02,300003,Q4,2023-07-01,2,0,0
steel_356,Q235D,SHL66DZ,GB/T 1122-2021,18,4700,11500,F3,2023-01-03,300003,Q4,2023-07-01,1,1,0
steel_357,Q345C,B04H2H3,GB/T 5050-2018,15,2500,13000,F3,2023-01-02,300003,Q4,2023-07-01,2,1,0
steel_358,Q345B,BT04J6X,GB/T 6060-2017,15,2700,5000,F5,2023-01-03,300003,Q4,2023-07-01,5,0,1
steel_359,Q245A,5A2FNVO,GB/T 4040-2019,8,2500,13000,F1,2023-01-01,300003,Q4,2023-07-01,5,1,0
steel_360,Q345C,N9CF1ZI,GB/T 6060-2017,16,4700,5000,F1,2023-01-02,300003,Q4,2023-07-01,2,2,1
steel_361,Q345R(R-HIC),3GVSNY9,GB/T 4040-2019,8,2700,7500,F3,2023-01-01,300003,Q4,2023-07-01,2,0,0
steel_362,Q235B,CQMGZVJ,GB/T 6060-2017,25,2700,5000,F2,2023-01-02,300003,Q4,2023-07-01,0,0,1
steel_363,Q345B,VOV2BEQ,GB/T 3050-2020,25,2700,11500,F8,2023-01-02,300003,Q4,2023-07-01,1,0,2
steel_364,Q345B,X2ATOY2,GB/T 3050-2020,15,4700,17000,F5,2023-01-01,300003,Q4,2023-07-01,2,1,1
steel_365,Q235D,8YVXEKN,GB/T 4040-2019,25,2700,7500,F4,2023-01-01,300003,Q4,2023-07-01,0,1,1
steel_366,Q235C,6KPENAM,GB/T 5050-2018,18,2700,7500,F7,2023-01-01,300003,Q4,2023-07-01,0,1,2
steel_367,Q235C,OMYQBHG,GB/T 2025-2015,15,4700,5000,F6,2023-01-03,300003,Q4,2023-07-01,4,1,0
steel_368,Q235C,C9ZB19I,GB/T 4040-2019,8,2500,11500,F6,2023-01-02,300003,Q4,2023-07-01,2,0,1
steel_369,Q345C,RA9VXLL,GB/T 3050-2020,8,2700,5000,F8,2023-01-03,300003,Q4,2023-07-01,2,1,0
steel_370,Q235C,C88GXCR,GB/T 3050-2020,8,3500,7500,F2,2023-01-03,300003,Q4,2023-07-01,3,0,1
steel_371,Q345R(R-HIC),1K5BJFG,GB/T 3050-2020,16,4700,7500,F3,2023-01-02,300003,Q4,2023-07-01,1,0,2
steel_372,Q235D,MYEHRT3,GB/T 3050-2020,20,4700,7500,F1,2023-01-03,300003,Q4,2023-07-01,1,1,0
steel_373,Q235D,8YVXEKN,GB/T 2025-2015,15,2700,13000,F1,2023-01-02,300003,Q4,2023-07-01,0,1,1
steel_374,Q235B,4VKBN6F,GB/T 2025-2015,15,2500,7500,F8,2023-01-03,300003,Q4,2023-07-01,1,1,2
steel_375,Q345R(R-HIC),TDZF6LU,GB/T 3050-2020,18,4700,5000,F4,2023-01-02,300003,Q4,2023-07-01,0,2,0
steel_376,Q235B,QK89HAW,GB/T 5050-2018,18,4700,7500,F4,2023-01-01,300003,Q4,2023-07-01,2,1,1
steel_377,Q345C,DUW3AU4,GB/T 1122-2021,8,2500,7500,F5,2023-01-01,300003,Q4,2023-07-01,1,0,0
steel_378,Q235C,CRX5AQ8,GB/T 4040-2019,18,2700,11500,F1,2023-01-01,300003,Q4,2023-07-01,3,0,1
steel_379,Q345C,0ZUCSUW,GB/T 2025-2015,25,2700,5000,F4,2023-01-03,300003,Q4,2023-07-01,1,0,2
steel_380,Q235B,2FOB0KK,GB/T 4040-2019,15,3500,7500,F2,2023-01-03,300003,Q4,2023-07-01,3,1,1
steel_381,Q235D,YQF68EE,GB/T 6060-2017,8,4700,7500,F2,2023-01-03,300003,Q4,2023-07-01,3,0,0
steel_382,Q245R(R-HIC),RVTOQZG,GB/T 1122-2021,8,2700,7500,F3,2023-01-02,300003,Q4,2023-07-01,5,0,1
steel_383,Q235D,NWI1M3X,GB/T 4040-2019,16,2500,11500,F2,2023-01-03,300003,Q4,2023-07-01,4,1,0
steel_384,Q245R(R-HIC),EGZ369S,GB/T 2025-2015,18,2700,11500,F2,2023-01-03,300003,Q4,2023-07-01,2,2,1
steel_385,Q235C,C88GXCR,GB/T 5050-2018,20,2700,7500,F3,2023-01-01,300003,Q4,2023-07-01,1,0,0
steel_386,Q245A,UILQU2Z,GB/T 6060-2017,10,2700,7500,F3,2023-01-01,300003,Q4,2023-07-01,0,0,1
steel_387,Q345C,CCY29L2,GB/T 2025-2015,18,2700,11500,F4,2023-01-02,300003,Q4,2023-07-01,4,1,0
steel_388,Q245A,BTCXT0R,GB/T 1122-2021,18,2700,13000,F6,2023-01-01,300003,Q4,2023-07-01,0,1,0
steel_389,Q245A,8EGBJL9,GB/T 2025-2015,18,2700,11500,F3,2023-01-02,300003,Q4,2023-07-01,5,0,0
steel_390,Q245A,B94WQ6E,GB/T 3050-2020,10,4700,7500,F3,2023-01-03,300003,Q4,2023-07-01,0,1,2
steel_391,Q235C,3HEYBFO,GB/T 1122-2021,25,4700,15000,F5,2023-01-02,300003,Q4,2023-07-01,5,1,0
steel_392,Q235D,FA1K4WR,GB/T 1122-2021,20,4700,7500,F3,2023-01-01,300003,Q4,2023-07-01,2,0,1
steel_393,Q345B,ZXN6F8S,GB/T 3050-2020,10,4700,11500,F4,2023-01-01,300003,Q4,2023-07-01,5,0,0
steel_394,Q345R(R-HIC),J0ZR697,GB/T 3050-2020,20,4700,5000,F7,2023-01-02,300003,Q4,2023-07-01,0,0,1
steel_395,Q235D,7LNYVFN,GB/T 3050-2020,15,2700,7500,F1,2023-01-03,300003,Q4,2023-07-01,2,2,0
steel_396,Q235C,SQLPK51,GB/T 3050-2020,20,2700,5000,F3,2023-01-01,300003,Q4,2023-07-01,3,1,1
steel_397,Q235B,3XRVAD6,GB/T 5050-2018,10,2700,5000,F6,2023-01-02,300003,Q4,2023-07-01,2,0,0
steel_398,Q235B,4LDID7Q,GB/T 5050-2018,8,4700,13000,F3,2023-01-02,300003,Q4,2023-07-01,1,1,2
steel_399,Q235C,X2ATOY2,GB/T 3050-2020,20,2500,11500,F8,2023-01-03,300003,Q4,2023-07-01,2,1,0
steel_400,Q245A,SGLV0IX,GB/T 1122-2021,8,4700,7500,F1,2023-01-03,300003,Q4,2023-07-01,0,2,1
steel_401,Q245R(R-HIC),CWGB0TK,GB/T 5050-2018,10,2500,7500,F1,2023-01-02,500005,Q5,2023-07-01,5,0,0
steel_402,Q345C,VPTJZUD,GB/T 1122-2021,10,4700,7500,F8,2023-01-01,500005,Q5,2023-07-01,5,0,1
steel_403,Q345C,6CA4ZSB,GB/T 2025-2015,25,2500,11500,F7,2023-01-02,500005,Q5,2023-07-01,3,1,0
steel_404,Q235B,KVQZPCW,GB/T 3050-2020,8,2500,11500,F3,2023-01-01,500005,Q5,2023-07-01,0,1,0
steel_405,Q345C,0QN1TJ2,GB/T 1122-2021,20,2700,5000,F5,2023-01-02,500005,Q5,2023-07-01,3,0,0
steel_406,Q235D,50IHPKL,GB/T 2025-2015,20,2700,5000,F1,2023-01-02,500005,Q5,2023-07-01,0,1,2
steel_407,Q235B,8SB016D,GB/T 5050-2018,25,3500,11500,F6,2023-01-02,500005,Q5,2023-07-01,2,2,0
steel_408,Q345R(R-HIC),UZW1FL1,GB/T 2025-2015,25,3500,5000,F3,2023-01-01,500005,Q5,2023-07-01,2,2,1
steel_409,Q345R(R-HIC),ZE9E4AH,GB/T 6060-2017,8,2500,13000,F4,2023-01-02,500005,Q5,2023-07-01,1,0,0
steel_410,Q235B,2FOB0KK,GB/T 4040-2019,10,2700,5000,F1,2023-01-01,500005,Q5,2023-07-01,4,0,1
steel_411,Q245A,KTQMRXF,GB/T 4040-2019,25,3500,11500,F3,2023-01-02,500005,Q5,2023-07-01,2,1,0
steel_412,Q245R(R-HIC),91N3B13,GB/T 3050-2020,8,2500,7500,F8,2023-01-02,500005,Q5,2023-07-01,3,1,1
steel_413,Q345B,VO1MDOE,GB/T 6060-2017,18,2700,5000,F7,2023-01-01,500005,Q5,2023-07-01,0,1,1
steel_414,Q235C,QNA9F82,GB/T 1122-2021,10,4700,5000,F1,2023-01-03,500005,Q5,2023-07-01,3,0,1
steel_415,Q345B,P00VUNJ,GB/T 3050-2020,21,4700,7500,F8,2023-01-01,500005,Q5,2023-07-01,2,0,0
steel_416,Q245R(R-HIC),MZOA1RK,GB/T 3050-2020,16,4700,5000,F7,2023-01-02,500005,Q5,2023-07-01,5,1,1
steel_417,Q235B,Y919H41,GB/T 4040-2019,8,2700,11500,F1,2023-01-03,500005,Q5,2023-07-01,1,0,0
steel_418,Q235C,8IQWCMR,GB/T 6060-2017,20,2500,7500,F7,2023-01-02,500005,Q5,2023-07-01,2,1,1
steel_419,Q235D,4M20CMN,GB/T 5050-2018,8,3500,7500,F3,2023-01-01,500005,Q5,2023-07-01,3,1,0
steel_420,Q345C,B94WQ6E,GB/T 4040-2019,21,2700,5000,F1,2023-01-03,500005,Q5,2023-07-01,5,1,1
steel_421,Q235C,Q11XWMT,GB/T 6060-2017,15,2700,7500,F8,2023-01-03,500005,Q5,2023-07-01,2,0,0
steel_422,Q245A,NJZOXYQ,GB/T 4040-2019,20,4700,13000,F7,2023-01-02,500005,Q5,2023-07-01,4,0,1
steel_423,Q235C,AJ6P2QV,GB/T 2025-2015,10,4700,7500,F2,2023-01-02,500005,Q5,2023-07-01,4,1,0
steel_424,Q345C,5A2FNVO,GB/T 3050-2020,18,2500,7500,F8,2023-01-01,500005,Q5,2023-07-01,1,2,1
steel_425,Q245A,2IX13U8,GB/T 5050-2018,8,2700,5000,F5,2023-01-03,500005,Q5,2023-07-01,5,0,0
steel_426,Q345B,E0QBYRP,GB/T 1122-2021,25,2500,11500,F1,2023-01-02,500005,Q5,2023-07-01,5,0,1
steel_427,Q235B,7IX24X6,GB/T 4040-2019,16,4700,7500,F5,2023-01-01,500005,Q5,2023-07-01,1,0,2
steel_428,Q345B,VHARAWS,GB/T 6060-2017,20,4700,7500,F7,2023-01-01,500005,Q5,2023-07-01,0,1,0
steel_429,Q235C,9KO3JBE,GB/T 5050-2018,21,3500,5000,F3,2023-01-02,500005,Q5,2023-07-01,4,0,0
steel_430,Q345B,87X4DD2,GB/T 6060-2017,15,2700,7500,F2,2023-01-03,500005,Q5,2023-07-01,0,1,2
steel_431,Q345C,R60ELEK,GB/T 1122-2021,18,2700,11500,F7,2023-01-03,500005,Q5,2023-07-01,0,2,0
steel_432,Q245R(R-HIC),QK89HAW,GB/T 6060-2017,21,2700,5000,F8,2023-01-02,500005,Q5,2023-07-01,1,2,1
steel_433,Q345R(R-HIC),3HEYBFO,GB/T 1122-2021,10,4700,7500,F5,2023-01-02,500005,Q5,2023-07-01,5,0,0
steel_434,Q345R(R-HIC),QDJJL28,GB/T 4040-2019,16,2500,7500,F8,2023-01-02,500005,Q5,2023-07-01,1,0,1
steel_435,Q235B,E0QBYRP,GB/T 4040-2019,21,2500,7500,F7,2023-01-02,500005,Q5,2023-07-01,1,0,2
steel_436,Q235B,PWR6GA7,GB/T 1122-2021,21,2700,11500,F4,2023-01-01,500005,Q5,2023-07-01,0,1,0
steel_437,Q245R(R-HIC),QWEFIIX,GB/T 2025-2015,21,3500,7500,F8,2023-01-01,500005,Q5,2023-07-01,1,1,1
steel_438,Q235D,02HHPJ6,GB/T 5050-2018,18,3500,7500,F6,2023-01-02,500005,Q5,2023-07-01,5,0,1
steel_439,Q245A,HZXFXX0,GB/T 4040-2019,20,2700,7500,F8,2023-01-03,500005,Q5,2023-07-01,0,2,0
steel_440,Q235C,RUB4SJD,GB/T 2025-2015,16,2700,7500,F8,2023-01-02,500005,Q5,2023-07-01,0,2,1
steel_441,Q235D,Q11XWMT,GB/T 3050-2020,20,2700,7500,F2,2023-01-02,500005,Q5,2023-07-01,0,0,0
steel_442,Q245R(R-HIC),E0QBYRP,GB/T 3050-2020,18,2500,7500,F1,2023-01-03,500005,Q5,2023-07-01,4,0,1
steel_443,Q345R(R-HIC),9E3B5FE,GB/T 3050-2020,20,2700,11500,F2,2023-01-01,500005,Q5,2023-07-01,4,1,0
steel_444,Q245A,UILQU2Z,GB/T 4040-2019,18,2500,7500,F1,2023-01-01,500005,Q5,2023-07-01,2,2,1
steel_445,Q235D,Y2387UN,GB/T 3050-2020,25,2500,11500,F5,2023-01-02,500005,Q5,2023-07-01,2,0,0
steel_446,Q345B,KTQMRXF,GB/T 2025-2015,16,2700,7500,F4,2023-01-02,500005,Q5,2023-07-01,4,0,1
steel_447,Q345B,UILQU2Z,GB/T 4040-2019,25,4700,5000,F4,2023-01-01,500005,Q5,2023-07-01,2,1,0
steel_448,Q235B,LQN79VT,GB/T 5050-2018,25,2700,7500,F8,2023-01-03,500005,Q5,2023-07-01,2,1,1
steel_449,Q345R(R-HIC),B04H2H3,GB/T 1122-2021,21,4700,5000,F4,2023-01-01,500005,Q5,2023-07-01,0,0,0
steel_450,Q345C,KRVFHUF,GB/T 2025-2015,25,2700,7500,F7,2023-01-03,500005,Q5,2023-07-01,1,0,1
steel_451,Q345C,ROGBOID,GB/T 3050-2020,16,3500,11500,F2,2023-01-01,500005,Q6,2023-10-01,1,0,2
steel_452,Q235D,JGW5Z76,GB/T 1122-2021,8,2500,7500,F8,2023-01-02,500005,Q6,2023-10-01,3,1,1
steel_453,Q345B,RA9VXLL,GB/T 2025-2015,16,3500,7500,F1,2023-01-03,500005,Q6,2023-10-01,5,0,0
steel_454,Q245R(R-HIC),1K5BJFG,GB/T 6060-2017,20,4700,7500,F8,2023-01-03,500005,Q6,2023-10-01,3,0,1
steel_455,Q345C,ZQZSZKV,GB/T 2025-2015,18,4700,11500,F1,2023-01-03,500005,Q6,2023-10-01,0,2,0
steel_456,Q235C,GAAGU24,GB/T 2025-2015,21,3500,13000,F4,2023-01-01,500005,Q6,2023-10-01,5,1,1
steel_457,Q245A,B3L02BV,GB/T 1122-2021,25,2500,11500,F4,2023-01-01,500005,Q6,2023-10-01,0,0,0
steel_458,Q245A,2FOB0KK,GB/T 2025-2015,8,3500,5000,F7,2023-01-03,500005,Q6,2023-10-01,3,0,1
steel_459,Q245R(R-HIC),4K4TR0M,GB/T 2025-2015,25,2700,7500,F5,2023-01-02,500005,Q6,2023-10-01,4,1,0
steel_460,Q345R(R-HIC),DIKDCW1,GB/T 5050-2018,10,2700,13000,F4,2023-01-01,500005,Q6,2023-10-01,0,1,0
steel_461,Q235D,DUW3AU4,GB/T 6060-2017,20,2500,11500,F5,2023-01-03,500005,Q6,2023-10-01,4,0,0
steel_462,Q245R(R-HIC),0MVYTA0,GB/T 6060-2017,15,3500,13000,F8,2023-01-01,500005,Q6,2023-10-01,5,0,1
steel_463,Q235B,4QD4SBI,GB/T 1122-2021,21,4700,11500,F6,2023-01-01,500005,Q6,2023-10-01,0,2,0
steel_464,Q235D,WM7J4YE,GB/T 1122-2021,10,4700,7500,F6,2023-01-03,500005,Q6,2023-10-01,4,1,1
steel_465,Q235C,10HIHO7,GB/T 1122-2021,10,2500,5000,F1,2023-01-02,500005,Q6,2023-10-01,3,0,0
steel_466,Q235D,91N3B13,GB/T 1122-2021,15,4700,7500,F6,2023-01-03,500005,Q6,2023-10-01,0,0,1
steel_467,Q235B,CYXIRMO,GB/T 4040-2019,10,4700,11500,F4,2023-01-01,500005,Q6,2023-10-01,4,1,0
steel_468,Q345R(R-HIC),OR3HN1A,GB/T 1122-2021,15,4700,13000,F5,2023-01-01,500005,Q6,2023-10-01,4,1,1
steel_469,Q345C,LQN79VT,GB/T 6060-2017,20,2500,7500,F6,2023-01-01,500005,Q6,2023-10-01,1,1,1
steel_470,Q245A,S12UU4J,GB/T 6060-2017,15,2500,5000,F2,2023-01-01,500005,Q6,2023-10-01,1,1,2
steel_471,Q235B,7HYE8DD,GB/T 3050-2020,8,2500,11500,F1,2023-01-01,500005,Q6,2023-10-01,2,1,0
steel_472,Q235B,HZXFXX0,GB/T 6060-2017,10,2700,7500,F3,2023-01-03,500005,Q6,2023-10-01,3,1,1
steel_473,Q235C,NXITJH4,GB/T 3050-2020,15,4700,7500,F2,2023-01-03,500005,Q6,2023-10-01,3,0,0
steel_474,Q345R(R-HIC),PVI2MIO,GB/T 2025-2015,20,3500,5000,F1,2023-01-02,500005,Q6,2023-10-01,1,0,1
steel_475,Q345R(R-HIC),MZOA1RK,GB/T 1122-2021,10,3500,13000,F4,2023-01-01,500005,Q6,2023-10-01,3,1,0
steel_476,Q245A,K5POY1K,GB/T 4040-2019,18,4700,11500,F4,2023-01-01,500005,Q6,2023-10-01,4,1,1
steel_477,Q245R(R-HIC),SS5F6F1,GB/T 1122-2021,25,4700,5000,F4,2023-01-03,500005,Q6,2023-10-01,1,1,1
steel_478,Q235D,VANO5B8,GB/T 5050-2018,8,2500,5000,F5,2023-01-03,500005,Q6,2023-10-01,3,0,1
steel_479,Q245A,0MVYTA0,GB/T 5050-2018,15,2700,11500,F4,2023-01-02,500005,Q6,2023-10-01,5,1,0
steel_480,Q345C,LG941RX,GB/T 1122-2021,10,3500,17000,F8,2023-01-01,500005,Q6,2023-10-01,0,2,1
steel_481,Q345R(R-HIC),YIJ5EPJ,GB/T 5050-2018,10,2500,17000,F8,2023-01-01,500005,Q6,2023-10-01,0,0,0
steel_482,Q235D,BTHJIKU,GB/T 3050-2020,18,2700,5000,F3,2023-01-02,500005,Q6,2023-10-01,4,0,1
steel_483,Q345R(R-HIC),XUOHVM1,GB/T 2025-2015,18,2700,7500,F8,2023-01-03,500005,Q6,2023-10-01,4,1,0
steel_484,Q345C,8RXJ5IT,GB/T 4040-2019,16,2500,7500,F5,2023-01-03,500005,Q6,2023-10-01,2,1,1
steel_485,Q235B,3HEYBFO,GB/T 6060-2017,16,3500,11500,F4,2023-01-03,500005,Q6,2023-10-01,3,0,0
steel_486,Q235B,Q4IJWB6,GB/T 4040-2019,18,2700,7500,F3,2023-01-03,500005,Q6,2023-10-01,1,1,2
steel_487,Q245A,QKLWHZ9,GB/T 5050-2018,16,2500,5000,F1,2023-01-01,500005,Q6,2023-10-01,1,2,0
steel_488,Q235D,V9NRN6N,GB/T 4040-2019,21,2700,7500,F3,2023-01-01,500005,Q6,2023-10-01,3,1,1
steel_489,Q345R(R-HIC),DUFOY38,GB/T 6060-2017,16,2700,7500,F1,2023-01-02,500005,Q6,2023-10-01,4,0,0
steel_490,Q345C,LQN79VT,GB/T 3050-2020,25,2500,5000,F8,2023-01-02,500005,Q6,2023-10-01,5,0,1
steel_491,Q235D,SNAUE12,GB/T 1122-2021,25,4700,11500,F3,2023-01-02,500005,Q6,2023-10-01,4,1,0
steel_492,Q345B,5BQX6VN,GB/T 3050-2020,21,2700,7500,F5,2023-01-03,500005,Q6,2023-10-01,1,1,0
steel_493,Q245A,O6P1SOD,GB/T 1122-2021,21,4700,11500,F3,2023-01-01,500005,Q6,2023-10-01,4,0,0
steel_494,Q345B,ZAO3KZP,GB/T 5050-2018,15,4700,5000,F8,2023-01-02,500005,Q6,2023-10-01,4,0,1
steel_495,Q245A,U2AOHRV,GB/T 4040-2019,18,2700,7500,F5,2023-01-02,500005,Q6,2023-10-01,4,1,0
steel_496,Q235D,GCRHTSK,GB/T 4040-2019,18,2500,7500,F1,2023-01-01,500005,Q6,2023-10-01,0,2,1
steel_497,Q235C,VHARAWS,GB/T 1122-2021,21,2500,7500,F6,2023-01-02,500005,Q6,2023-10-01,4,0,0
steel_498,Q245A,I0KAMWH,GB/T 4040-2019,8,2700,7500,F7,2023-01-03,500005,Q6,2023-10-01,1,0,1
steel_499,Q345R(R-HIC),RF2ACIX,GB/T 1122-2021,21,2700,15000,F8,2023-01-02,500005,Q6,2023-10-01,0,0,2
steel_500,Q235B,VPTJZUD,GB/T 4040-2019,16,2500,7500,F7,2023-01-01,500005,Q6,2023-10-01,0,1,0
steel_501,Q245A,OM5MEKI,GB/T 1122-2021,15,4700,7500,F5,2023-01-01,500005,Q6,2023-10-01,1,1,1
steel_502,Q245R(R-HIC),C9ZB19I,GB/T 5050-2018,10,4700,5000,F5,2023-01-01,500005,Q6,2023-10-01,0,1,2
steel_503,Q345B,O2X92JX,GB/T 4040-2019,25,2500,5000,F2,2023-01-03,500005,Q6,2023-10-01,3,1,0
steel_504,Q345B,R60ELEK,GB/T 4040-2019,21,4700,11500,F8,2023-01-01,500005,Q6,2023-10-01,4,1,1
steel_505,Q235D,RUB4SJD,GB/T 1122-2021,20,2700,7500,F3,2023-01-01,500005,Q6,2023-10-01,1,0,0
steel_506,Q235C,BTHJIKU,GB/T 4040-2019,16,3500,11500,F1,2023-01-03,500005,Q6,2023-10-01,1,0,1
steel_507,Q345R(R-HIC),IOKUB9A,GB/T 2025-2015,16,2700,5000,F3,2023-01-01,500005,Q6,2023-10-01,3,1,0
steel_508,Q345C,Q4IJWB6,GB/T 5050-2018,10,2700,17000,F6,2023-01-01,500005,Q6,2023-10-01,3,1,1
steel_509,Q235C,HDAB0E9,GB/T 2025-2015,18,3500,5000,F8,2023-01-02,500005,Q6,2023-10-01,5,0,0
steel_510,Q345B,FA1K4WR,GB/T 1122-2021,20,4700,5000,F1,2023-01-03,500005,Q6,2023-10-01,3,0,1
steel_511,Q235C,Y919H41,GB/T 2025-2015,25,3500,7500,F5,2023-01-02,500005,Q6,2023-10-01,3,1,0
steel_512,Q235C,OLSFJE7,GB/T 5050-2018,25,2700,13000,F3,2023-01-02,500005,Q6,2023-10-01,3,1,1
steel_513,Q345B,ROGBOID,GB/T 1122-2021,10,2500,15000,F1,2023-01-01,500005,Q6,2023-10-01,3,0,0
steel_514,Q235C,979YRZV,GB/T 1122-2021,25,2500,5000,F5,2023-01-01,500005,Q6,2023-10-01,2,1,1
steel_515,Q245A,SLFOJTB,GB/T 2025-2015,18,2500,13000,F7,2023-01-02,500005,Q6,2023-10-01,4,1,0
steel_516,Q235D,UJVZH9X,GB/T 6060-2017,10,2700,15000,F8,2023-01-02,500005,Q6,2023-10-01,0,1,0
steel_517,Q235D,8CZMUEA,GB/T 6060-2017,10,2700,13000,F8,2023-01-02,500005,Q6,2023-10-01,5,0,0
steel_518,Q345C,18L9LKP,GB/T 2025-2015,8,2700,5000,F2,2023-01-01,500005,Q6,2023-10-01,1,1,2
steel_519,Q235C,KVQZPCW,GB/T 4040-2019,21,2500,7500,F5,2023-01-02,500005,Q6,2023-10-01,4,1,0
steel_520,Q235C,3WKN3HU,GB/T 5050-2018,8,4700,5000,F8,2023-01-03,500005,Q6,2023-10-01,2,1,1
steel_521,Q345B,X89IA6L,GB/T 4040-2019,20,2500,7500,F5,2023-01-02,500005,Q6,2023-10-01,0,0,0
steel_522,Q345B,8EGBJL9,GB/T 6060-2017,18,4700,5000,F3,2023-01-03,500005,Q6,2023-10-01,2,2,1
steel_523,Q345B,K6CAJCP,GB/T 1122-2021,18,3500,5000,F3,2023-01-02,500005,Q6,2023-10-01,2,0,0
steel_524,Q345B,3A1RRGN,GB/T 3050-2020,21,2700,5000,F4,2023-01-01,500005,Q6,2023-10-01,0,1,0
steel_525,Q235D,XUOHVM1,GB/T 1122-2021,20,4700,11500,F2,2023-01-01,500005,Q6,2023-10-01,1,1,1
steel_526,Q345R(R-HIC),Q4IJWB6,GB/T 4040-2019,15,4700,7500,F3,2023-01-02,500005,Q6,2023-10-01,3,0,1
steel_527,Q235B,3KX4URW,GB/T 1122-2021,8,3500,17000,F6,2023-01-03,500005,Q6,2023-10-01,0,2,0
steel_528,Q235B,RIYO0RL,GB/T 5050-2018,8,4700,17000,F8,2023-01-03,500005,Q6,2023-10-01,2,2,1
steel_529,Q235C,04IDY93,GB/T 4040-2019,21,3500,5000,F1,2023-01-03,500005,Q6,2023-10-01,3,0,0
steel_530,Q245R(R-HIC),8EGBJL9,GB/T 3050-2020,10,2500,11500,F5,2023-01-03,500005,Q6,2023-10-01,5,0,1
steel_531,Q245R(R-HIC),OLSFJE7,GB/T 3050-2020,8,2500,17000,F6,2023-01-02,500005,Q6,2023-10-01,1,0,2
steel_532,Q235C,6EWJ7IU,GB/T 6060-2017,16,2700,7500,F7,2023-01-02,500005,Q6,2023-10-01,2,1,1
steel_533,Q345R(R-HIC),VO1MDOE,GB/T 1122-2021,21,2500,7500,F6,2023-01-02,500005,Q6,2023-10-01,5,0,0
steel_534,Q245R(R-HIC),WTJXGQU,GB/T 2025-2015,16,2500,11500,F2,2023-01-03,500005,Q6,2023-10-01,2,2,1
steel_535,Q245R(R-HIC),KBCEYCI,GB/T 6060-2017,21,2500,7500,F6,2023-01-01,500005,Q6,2023-10-01,1,2,0
steel_536,Q235C,1VQRKL1,GB/T 5050-2018,21,2700,5000,F7,2023-01-01,500005,Q6,2023-10-01,5,1,1
steel_537,Q235C,U2AOHRV,GB/T 4040-2019,16,2500,7500,F7,2023-01-03,500005,Q6,2023-10-01,2,1,0
steel_538,Q345R(R-HIC),VPTJZUD,GB/T 4040-2019,21,4700,5000,F1,2023-01-02,500005,Q6,2023-10-01,4,0,1
steel_539,Q345C,H60UCIF,GB/T 1122-2021,20,4700,7500,F3,2023-01-03,500005,Q6,2023-10-01,5,1,0
steel_540,Q235C,NPTQH1M,GB/T 6060-2017,16,4700,7500,F7,2023-01-03,500005,Q6,2023-10-01,2,2,1
steel_541,Q235C,8YCRZ0U,GB/T 5050-2018,20,2500,7500,F6,2023-01-02,500005,Q6,2023-10-01,3,0,0
steel_542,Q245A,6KPENAM,GB/T 4040-2019,18,2700,7500,F5,2023-01-01,500005,Q6,2023-10-01,2,0,1
steel_543,Q345B,3TJ2JZ4,GB/T 1122-2021,25,2700,11500,F8,2023-01-03,500005,Q6,2023-10-01,4,1,0
steel_544,Q245R(R-HIC),PWR6GA7,GB/T 4040-2019,25,2700,7500,F3,2023-01-02,500005,Q6,2023-10-01,0,2,1
steel_545,Q345R(R-HIC),VANO5B8,GB/T 1122-2021,8,3500,15000,F7,2023-01-03,500005,Q6,2023-10-01,2,2,0
steel_546,Q235D,CWGB0TK,GB/T 4040-2019,8,4700,7500,F2,2023-01-02,500005,Q6,2023-10-01,5,0,1
steel_547,Q345B,OLSFJE7,GB/T 2025-2015,10,3500,7500,F5,2023-01-03,500005,Q6,2023-10-01,0,0,2
steel_548,Q345C,0QN1TJ2,GB/T 5050-2018,10,3500,13000,F1,2023-01-03,500005,Q6,2023-10-01,0,1,0
steel_549,Q235D,I6ER7SC,GB/T 4040-2019,8,2700,7500,F3,2023-01-01,500005,Q6,2023-10-01,2,1,0
steel_550,Q245A,Q0CYXUI,GB/T 1122-2021,25,2500,7500,F1,2023-01-03,500005,Q6,2023-10-01,2,1,1
steel_551,Q345B,87STL9J,GB/T 5050-2018,8,4700,17000,F5,2023-01-02,500005,Q6,2023-10-01,3,1,0
steel_552,Q345R(R-HIC),Y2387UN,GB/T 3050-2020,18,2700,5000,F8,2023-01-01,500005,Q6,2023-10-01,0,2,1
steel_553,Q235C,UY71YNR,GB/T 2025-2015,21,2700,5000,F8,2023-01-02,500005,Q6,2023-10-01,4,0,0
steel_554,Q345B,O6P1SOD,GB/T 1122-2021,16,2700,15000,F3,2023-01-01,500005,Q6,2023-10-01,2,0,1
steel_555,Q245A,H3QO1NG,GB/T 4040-2019,15,3500,7500,F4,2023-01-01,500005,Q6,2023-10-01,1,0,2
steel_556,Q235C,JGW5Z76,GB/T 1122-2021,20,2700,17000,F8,2023-01-02,500005,Q6,2023-10-01,5,1,1
steel_557,Q345R(R-HIC),6UHG5WG,GB/T 4040-2019,10,4700,7500,F2,2023-01-03,500005,Q6,2023-10-01,2,2,0
steel_558,Q235C,O6P1SOD,GB/T 1122-2021,15,2700,7500,F8,2023-01-03,500005,Q6,2023-10-01,3,0,1
steel_559,Q245A,KRVFHUF,GB/T 5050-2018,21,2700,7500,F8,2023-01-01,500005,Q6,2023-10-01,3,1,0
steel_560,Q245A,D4YLR31,GB/T 3050-2020,8,2700,11500,F4,2023-01-02,500005,Q6,2023-10-01,3,1,1
steel_561,Q345B,9KO3JBE,GB/T 4040-2019,10,2500,5000,F3,2023-01-03,500005,Q6,2023-10-01,5,0,0
steel_562,Q235B,LJ8ZEUF,GB/T 2025-2015,25,2700,11500,F7,2023-01-02,500005,Q6,2023-10-01,4,0,1
steel_563,Q235C,V9JRFBM,GB/T 1122-2021,15,3500,7500,F3,2023-01-01,500005,Q6,2023-10-01,4,1,0
steel_564,Q235B,Z2JJXFC,GB/T 2025-2015,8,2500,11500,F5,2023-01-01,500005,Q6,2023-10-01,1,1,0
steel_565,Q345B,979YRZV,GB/T 2025-2015,18,2500,11500,F3,2023-01-02,500005,Q6,2023-10-01,2,0,0
steel_566,Q345B,FJO3YY7,GB/T 1122-2021,25,4700,7500,F6,2023-01-03,500005,Q6,2023-10-01,4,0,1
steel_567,Q235D,1VQRKL1,GB/T 5050-2018,21,2700,7500,F4,2023-01-02,500005,Q6,2023-10-01,5,1,0
steel_568,Q345R(R-HIC),FJO3YY7,GB/T 5050-2018,15,4700,7500,F1,2023-01-02,500005,Q6,2023-10-01,4,1,1
steel_569,Q345R(R-HIC),MFVA0DI,GB/T 5050-2018,15,2700,11500,F7,2023-01-03,500005,Q6,2023-10-01,4,0,0
steel_570,Q245R(R-HIC),KBCEYCI,GB/T 1122-2021,16,2700,7500,F5,2023-01-02,500005,Q6,2023-10-01,3,0,1
steel_571,Q345C,S72FQGP,GB/T 5050-2018,10,4700,7500,F6,2023-01-03,500005,Q6,2023-10-01,3,1,0
steel_572,Q345B,3W69200,GB/T 3050-2020,25,2500,7500,F8,2023-01-01,500005,Q6,2023-10-01,4,1,1
steel_573,Q245R(R-HIC),J7251CH,GB/T 6060-2017,20,4700,11500,F7,2023-01-03,500005,Q6,2023-10-01,2,1,0
steel_574,Q235B,RA3VNVC,GB/T 6060-2017,21,4700,13000,F1,2023-01-03,500005,Q6,2023-10-01,0,1,2
steel_575,Q245R(R-HIC),MZOA1RK,GB/T 5050-2018,20,4700,11500,F7,2023-01-02,500005,Q6,2023-10-01,2,2,0
steel_576,Q245A,VPTJZUD,GB/T 2025-2015,10,2700,7500,F2,2023-01-03,500005,Q6,2023-10-01,3,1,1
steel_577,Q235D,P2ML9R2,GB/T 3050-2020,8,3500,7500,F8,2023-01-02,500005,Q6,2023-10-01,1,0,0
steel_578,Q245A,ROGBOID,GB/T 6060-2017,8,2700,5000,F5,2023-01-03,500005,Q6,2023-10-01,4,0,1
steel_579,Q235D,YQF68EE,GB/T 6060-2017,18,4700,7500,F8,2023-01-03,500005,Q6,2023-10-01,2,1,0
steel_580,Q345B,CQU1C4C,GB/T 1122-2021,25,3500,7500,F3,2023-01-02,500005,Q6,2023-10-01,4,1,1
steel_581,Q245R(R-HIC),0R5F5QR,GB/T 6060-2017,8,4700,5000,F5,2023-01-01,500005,Q6,2023-10-01,1,1,1
steel_582,Q235C,I0KAMWH,GB/T 5050-2018,10,2700,5000,F4,2023-01-03,500005,Q6,2023-10-01,1,1,2
steel_583,Q345R(R-HIC),1KVERUC,GB/T 3050-2020,25,4700,5000,F5,2023-01-03,500005,Q6,2023-10-01,1,2,0
steel_584,Q235C,PWR6GA7,GB/T 2025-2015,21,2700,7500,F6,2023-01-02,500005,Q6,2023-10-01,4,1,1
steel_585,Q345R(R-HIC),87X4DD2,GB/T 2025-2015,8,2700,7500,F3,2023-01-03,500005,Q6,2023-10-01,3,0,0
steel_586,Q345R(R-HIC),J7251CH,GB/T 6060-2017,15,2700,7500,F1,2023-01-01,500005,Q6,2023-10-01,2,1,1
steel_587,Q235D,3XRVAD6,GB/T 3050-2020,10,3500,7500,F2,2023-01-02,500005,Q6,2023-10-01,2,2,0
steel_588,Q345C,I6ER7SC,GB/T 6060-2017,25,2500,7500,F8,2023-01-02,500005,Q6,2023-10-01,4,1,1
steel_589,Q235B,RA3VNVC,GB/T 3050-2020,25,3500,13000,F6,2023-01-02,500005,Q6,2023-10-01,0,1,1
steel_590,Q345C,KHE3W7A,GB/T 6060-2017,21,3500,11500,F5,2023-01-03,500005,Q6,2023-10-01,4,0,1
steel_591,Q245R(R-HIC),0P48PTI,GB/T 2025-2015,8,2700,11500,F7,2023-01-03,500005,Q6,2023-10-01,1,2,0
steel_592,Q235D,OLSFJE7,GB/T 4040-2019,25,4700,7500,F7,2023-01-02,500005,Q6,2023-10-01,2,1,1
steel_593,Q245R(R-HIC),VOV2BEQ,GB/T 1122-2021,18,4700,7500,F7,2023-01-03,500005,Q6,2023-10-01,4,0,0
steel_594,Q235D,S72FQGP,GB/T 3050-2020,21,2500,7500,F3,2023-01-02,500005,Q6,2023-10-01,0,0,1
steel_595,Q235D,979YRZV,GB/T 6060-2017,18,2500,7500,F3,2023-01-03,500005,Q6,2023-10-01,4,1,0
steel_596,Q345C,7IX24X6,GB/T 5050-2018,8,3500,11500,F8,2023-01-02,500005,Q6,2023-10-01,3,1,1
steel_597,Q235D,Y2387UN,GB/T 3050-2020,21,2500,7500,F5,2023-01-01,500005,Q6,2023-10-01,4,0,0
steel_598,Q345R(R-HIC),VEC3GU5,GB/T 5050-2018,21,3500,7500,F3,2023-01-01,500005,Q6,2023-10-01,0,1,2
steel_599,Q245A,ZE9E4AH,GB/T 5050-2018,16,2700,7500,F6,2023-01-02,500005,Q6,2023-10-01,0,2,0
steel_600,Q245R(R-HIC),QRL62Q2,GB/T 1122-2021,10,2500,5000,F4,2023-01-02,500005,Q6,2023-10-01,3,1,1
